{"model":{"version":3,"nodes":[{"name":"RootNode","position":[0,0,0],"rotation":[0,0,0],"scale":[1,1,1],"scaleCompensation":false},{"name":"crate","position":[0,0,0],"rotation":[0,0,0],"scale":[1,1,1],"scaleCompensation":false}],"parents":[-1,0],"skins":[],"morphs":[],"vertices":[{"position":{"type":"float32","components":3,"data":[-6.70615,0.25,5.85308,-6.70615,0.5,5.85308,-4.14692,0.25,3.29385,-4.14692,0.5,3.29385,-3.29385,0.793848,2.75,-3.29385,0.793848,2.5,-4.14692,0.793848,2.75,-6.70615,0.793848,2.5,-4.14692,0.793848,3,-6.70615,0.793848,3,-2.5,5,7.5,-2.5,5,2.5,-3.29385,5,3.29385,-7.5,5,2.5,-6.70615,5,3.29385,-6.70615,5,6.70615,-3.29385,5,6.70615,-7.5,5,7.5,-7.5,0,7.5,-2.5,0,7.5,-3.29385,0.793848,7.5,-2.5,5,7.5,-3.29385,4.20615,7.5,-6.70615,4.20615,7.5,-6.70615,0.793848,7.5,-7.5,5,7.5,-2.5,0,2.5,-7.5,0,2.5,-6.70615,0.793848,2.5,-7.5,5,2.5,-6.70615,4.20615,2.5,-3.29385,4.20615,2.5,-3.29385,0.793848,2.5,-2.5,5,2.5,-6.70615,5,3.29385,-6.70615,5,6.70615,-6.70615,4.5,3.29385,-6.70615,4.75,5.85308,-6.70615,4.75,6.70615,-6.70615,4.5,5.85308,-7.25,0.793848,3.29385,-7.25,0.793848,4.14692,-7.25,1.64692,3.29385,-7.25,4.20615,5.85308,-7.25,3.35308,6.70615,-7.25,4.20615,6.70615,-7,1.64692,3.29385,-7,4.20615,3.29385,-7.25,1.64692,3.29385,-7.5,4.20615,3.29385,-7.25,0.793848,3.29385,-7.5,0.793848,3.29385,-2.5,4.20615,6.70615,-3,4.20615,6.70615,-2.5,4.20615,3.29385,-2.75,4.20615,4.14692,-3,4.20615,4.14692,-2.75,4.20615,3.29385,-2.5,0,2.5,-2.5,5,2.5,-2.5,4.20615,3.29385,-2.5,5,7.5,-2.5,4.20615,6.70615,-2.5,0.793848,6.70615,-2.5,0.793848,3.29385,-2.5,0,7.5,-2.5,0.793848,3.29385,-3,0.793848,3.29385,-2.5,0.793848,6.70615,-2.75,0.793848,5.85308,-3,0.793848,5.85308,-2.75,0.793848,6.70615,-3.29385,0.793848,7,-5.85308,0.793848,7,-3.29385,0.793848,7.5,-5.85308,0.793848,7.25,-6.70615,0.793848,7.5,-6.70615,0.793848,7.25,-7.5,5,2.5,-7.5,0,2.5,-7.5,0.793848,3.29385,-7.5,0,7.5,-7.5,0.793848,6.70615,-7.5,4.20615,6.70615,-7.5,4.20615,3.29385,-7.5,5,7.5,-2.5,0.793848,3.29385,-2.5,4.20615,3.29385,-3,0.793848,3.29385,-2.75,3.35308,3.29385,-3,3.35308,3.29385,-2.75,4.20615,3.29385,-6.70615,4.20615,2.5,-6.70615,4.20615,2.75,-6.70615,0.793848,2.5,-6.70615,3.35308,2.75,-6.70615,0.793848,3,-6.70615,3.35308,3,-5.85308,4.5,6.70615,-3.29385,4.5,4.14692,-5.85308,4.75,6.70615,-3.29385,4.75,4.14692,-3.29385,0,3.29385,-3.29385,0,6.70615,-3.29385,0.25,3.29385,-3.29385,0.25,4.14692,-3.29385,0.5,6.70615,-3.29385,0.5,4.14692,-6.70615,0,6.70615,-6.70615,0.25,6.70615,-3.29385,0,6.70615,-5.85308,0.25,6.70615,-3.29385,0.5,6.70615,-5.85308,0.5,6.70615,-3.29385,4.20615,3,-5.85308,4.20615,3,-3.29385,4.20615,2.5,-5.85308,4.20615,2.75,-6.70615,4.20615,2.5,-6.70615,4.20615,2.75,-3.29385,0.793848,7,-3.29385,0.793848,7.5,-3.29385,3.35308,7,-3.29385,3.35308,7.25,-3.29385,4.20615,7.5,-3.29385,4.20615,7.25,-3.29385,4.75,3.29385,-3.29385,5,3.29385,-4.14692,4.75,3.29385,-6.70615,5,3.29385,-4.14692,4.5,3.29385,-6.70615,4.5,3.29385,-3.29385,0,3.29385,-3.29385,0.25,3.29385,-6.70615,0,3.29385,-4.14692,0.25,3.29385,-6.70615,0.5,3.29385,-4.14692,0.5,3.29385,-7.5,0.793848,6.70615,-7.5,4.20615,6.70615,-7,0.793848,6.70615,-7.25,3.35308,6.70615,-7,3.35308,6.70615,-7.25,4.20615,6.70615,-6.70615,0.793848,7.25,-5.85308,0.793848,7.25,-6.70615,1.64692,7.25,-3.29385,3.35308,7.25,-4.14692,4.20615,7.25,-3.29385,4.20615,7.25,-7,0.793848,4.14692,-7,3.35308,6.70615,-7.25,0.793848,4.14692,-7.25,3.35308,6.70615,-7,1.64692,3.29385,-7.25,1.64692,3.29385,-7,4.20615,5.85308,-7.25,4.20615,5.85308,-4.14692,0.793848,2.75,-6.70615,3.35308,2.75,-3.29385,0.793848,2.75,-3.29385,1.64692,2.75,-5.85308,4.20615,2.75,-6.70615,4.20615,2.75,-6.70615,0.5,3.29385,-6.70615,0.5,5.85308,-6.70615,0,3.29385,-6.70615,0.25,5.85308,-6.70615,0,6.70615,-6.70615,0.25,6.70615,-3.29385,4.20615,7.5,-6.70615,4.20615,7.5,-3.29385,4.20615,7.25,-4.14692,4.20615,7.25,-6.70615,4.20615,7,-4.14692,4.20615,7,-7.25,4.20615,6.70615,-7.5,4.20615,6.70615,-7.25,4.20615,5.85308,-7.5,4.20615,3.29385,-7,4.20615,5.85308,-7,4.20615,3.29385,-3.29385,3.35308,7,-3.29385,3.35308,7.25,-5.85308,0.793848,7,-5.85308,0.793848,7.25,-4.14692,4.20615,7,-6.70615,1.64692,7,-4.14692,4.20615,7.25,-6.70615,1.64692,7.25,-4.14692,0.793848,2.75,-4.14692,0.793848,3,-6.70615,3.35308,2.75,-6.70615,3.35308,3,-2.5,0,2.5,-2.5,0,7.5,-3.29385,0,6.70615,-7.5,0,7.5,-6.70615,0,6.70615,-6.70615,0,3.29385,-3.29385,0,3.29385,-7.5,0,2.5,-3,1.64692,6.70615,-3,4.20615,6.70615,-2.75,1.64692,6.70615,-2.5,4.20615,6.70615,-2.75,0.793848,6.70615,-2.5,0.793848,6.70615,-6.70615,4.75,6.70615,-6.70615,5,6.70615,-5.85308,4.75,6.70615,-3.29385,5,6.70615,-5.85308,4.5,6.70615,-3.29385,4.5,6.70615,-3.29385,0.793848,2.5,-3.29385,0.793848,2.75,-3.29385,4.20615,2.5,-3.29385,1.64692,2.75,-3.29385,4.20615,3,-3.29385,1.64692,3,-3.29385,1.64692,2.75,-5.85308,4.20615,2.75,-3.29385,1.64692,3,-5.85308,4.20615,3,-2.75,3.35308,3.29385,-2.75,4.20615,3.29385,-2.75,0.793848,5.85308,-2.75,4.20615,4.14692,-2.75,1.64692,6.70615,-2.75,0.793848,6.70615,-2.75,3.35308,3.29385,-2.75,0.793848,5.85308,-3,3.35308,3.29385,-3,0.793848,5.85308,-7.25,0.793848,3.29385,-7.5,0.793848,3.29385,-7.25,0.793848,4.14692,-7.5,0.793848,6.70615,-7,0.793848,4.14692,-7,0.793848,6.70615,-6.70615,4.5,5.85308,-6.70615,4.75,5.85308,-4.14692,4.5,3.29385,-4.14692,4.75,3.29385,-2.75,4.20615,4.14692,-3,4.20615,4.14692,-2.75,1.64692,6.70615,-3,1.64692,6.70615,-3.29385,4.75,3.29385,-3.29385,4.75,4.14692,-3.29385,5,3.29385,-3.29385,5,6.70615,-3.29385,4.5,4.14692,-3.29385,4.5,6.70615,-6.70615,4.20615,7,-6.70615,4.20615,7.5,-6.70615,1.64692,7,-6.70615,1.64692,7.25,-6.70615,0.793848,7.25,-6.70615,0.793848,7.5,-3.29385,4.75,3.29385,-4.14692,4.75,3.29385,-3.29385,4.75,4.14692,-5.85308,4.75,6.70615,-6.70615,4.75,5.85308,-6.70615,4.75,6.70615,-3.29385,0.25,3.29385,-3.29385,0.25,4.14692,-4.14692,0.25,3.29385,-5.85308,0.25,6.70615,-6.70615,0.25,5.85308,-6.70615,0.25,6.70615,-5.85308,0.25,6.70615,-3.29385,0.25,4.14692,-5.85308,0.5,6.70615,-3.29385,0.5,4.14692,-3,3.35308,3.29385,-3,0.793848,5.85308,-3,0.793848,3.29385,-3,4.20615,6.70615,-3,1.64692,6.70615,-3,4.20615,4.14692,-3.29385,0.5,6.70615,-5.85308,0.5,6.70615,-3.29385,0.5,4.14692,-4.14692,4.20615,7,-6.70615,4.20615,7,-6.70615,1.64692,7,-7,0.793848,6.70615,-7,3.35308,6.70615,-7,0.793848,4.14692,-7,1.64692,3.29385,-7,4.20615,5.85308,-7,4.20615,3.29385,-4.14692,0.5,3.29385,-6.70615,0.5,5.85308,-6.70615,0.5,3.29385,-5.85308,4.20615,3,-3.29385,4.20615,3,-3.29385,1.64692,3,-3.29385,0.793848,7,-3.29385,3.35308,7,-5.85308,0.793848,7,-6.70615,4.5,3.29385,-6.70615,4.5,5.85308,-4.14692,4.5,3.29385,-6.70615,0.793848,3,-6.70615,3.35308,3,-4.14692,0.793848,3,-3.29385,4.5,4.14692,-5.85308,4.5,6.70615,-3.29385,4.5,6.70615]},"normal":{"type":"float32","components":3,