{"model":{"version":3,"nodes":[{"name":"RootNode","position":[0,0,0],"rotation":[0,0,0],"scale":[1,1,1],"scaleCompensation":false},{"name":"fenceBroken","position":[0,0,0],"rotation":[0,0,0],"scale":[1,1,1],"scaleCompensation":false}],"parents":[-1,0],"skins":[],"morphs":[],"vertices":[{"position":{"type":"float32","components":3,"data":[-9.5,3.43506,0.5,-9.5,3.30518,1.5,-9.5,4,0.5,-9.5,4,1.5,-9.7,0.620756,5.13583,-9.7,0.900496,5.35203,-9.5,0.620756,5.13583,-9.5,0.900496,5.35203,-9.5,0.900496,5.35203,-9.7,0.900496,5.35203,-9.5,1.1167,5.07229,-9.7,1.1167,5.07229,-8.5,-4.51195e-16,1.5,-8.5,4,1.5,-9.5,-4.51195e-16,1.5,-9.5,0.903651,1.5,-9.5,1.90563,1.5,-9.5,2.29679,1.5,-9.5,3.30518,1.5,-9.5,4,1.5,-9.5,-4.51195e-16,0.5,-9.5,-4.51195e-16,1.5,-9.5,0.966565,0.5,-9.5,0.903651,1.5,-9.5,2.50833,-0.128796,-9.5,3.5,8.22979e-13,-9.5,2.42666,0.5,-9.5,3.43506,0.5,-9.5,1.34401,2.46367,-9.7,1.34401,2.46367,-9.5,1.1102,2.19847,-9.7,1.1102,2.19847,-8.5,4,0.5,-8.5,4,1.5,-8.5,-4.51195e-16,0.5,-8.5,-4.51195e-16,1.5,-9.5,1.34401,2.46367,-9.5,1.60922,2.22986,-9.7,1.34401,2.46367,-9.7,1.60922,2.22986,-9.5,-4.51195e-16,0.5,-9.5,0.966565,0.5,-8.5,-4.51195e-16,0.5,-8.5,4,0.5,-9.5,1.96854,0.5,-9.5,2.42666,0.5,-9.5,3.43506,0.5,-9.5,4,0.5,-9.7,1.1167,5.07229,-9.7,1.39644,5.2885,-9.5,1.1167,5.07229,-9.5,1.39644,5.2885,-9.5,3.32114,8.5,-9.5,3.44038,9.5,-9.5,4,8.5,-9.5,4,9.5,-9.5,1.84302,2.49507,-9.7,1.84302,2.49507,-9.5,1.60922,2.22986,-9.7,1.60922,2.22986,-9.5,0.404549,5.41557,-9.7,0.404549,5.41557,-9.5,0.620756,5.13583,-9.7,0.620756,5.13583,-9.5,3.20399,7.51759,-9.5,3.32114,8.5,-9.5,2.98535,7.79543,-9.5,2.48887,7.85463,-9.5,2.31405,8.5,-9.5,2.21102,7.63599,-9.5,2.70751,7.57679,-9.5,1.80785,8.5,-9.5,1.93595,9.5,-9.5,2.31405,8.5,-9.5,2.43329,9.5,-9.5,1.1167,5.07229,-9.5,1.39644,5.2885,-9.5,0.900496,5.35203,-9.5,1.80785,8.5,-9.5,0.404549,5.41557,-9.5,0.799674,8.5,-9.5,0.620756,5.13583,-9.5,1.89655,4.58164,-9.7,1.89655,4.58164,-9.5,2.29679,1.5,-9.5,2.42666,0.5,-9.5,2.50833,-0.128796,-9.7,2.50833,-0.128796,-9.7,0.620756,5.13583,-9.7,0.404549,5.41557,-9.7,0.900496,5.35203,-9.7,2,10,-9.7,1.39644,5.2885,-9.7,1.1167,5.07229,-9.7,1.00811,10.1271,-9.5,2.50704,10.1184,-9.7,2.50704,10.1184,-9.5,2.43329,9.5,-9.5,2.31405,8.5,-9.5,2.21102,7.63599,-9.7,2.21102,7.63599,-9.5,2.88822,4.71044,-9.5,3.30518,1.5,-9.7,2.88822,4.71044,-9.5,3.43506,0.5,-9.5,3.5,8.22979e-13,-9.7,3.5,9.09608e-13,-9.5,1.00811,10.1271,-9.7,1.00811,10.1271,-9.5,0.927777,9.5,-9.5,0.799674,8.5,-9.5,0.404549,5.41557,-9.7,0.404549,5.41557,-9.7,2.70751,7.57679,-9.7,2.48887,7.85463,-9.7,2.98535,7.79543,-9.7,3.5,10,-9.7,2.50704,10.1184,-9.7,2.21102,7.63599,-9.7,3.20399,7.51759,-9.5,2.6081,4.92616,-9.7,2.6081,4.92616,-9.5,2.39239,4.64604,-9.7,2.39239,4.64604,-9.5,2.11227,4.86176,-9.7,2.11227,4.86176,-9.5,1.89655,4.58164,-9.7,1.89655,4.58164,-9.5,2.11227,4.86176,-9.5,2.39239,4.64604,-9.7,2.11227,4.86176,-9.7,2.39239,4.64604,-9.5,2.6081,4.92616,-9.5,2.88822,4.71044,-9.7,2.6081,4.92616,-9.7,2.88822,4.71044,-8.5,-4.51195e-16,9.5,-9.5,-4.51195e-16,9.5,-8.5,-4.51195e-16,8.5,-9.5,-4.51195e-16,8.5,-9.7,2.70751,7.57679,-9.7,2.98535,7.79543,-9.5,2.70751,7.57679,-9.5,2.98535,7.79543,-9.5,-4.51195e-16,8.5,-9.5,-4.51195e-16,9.5,-9.5,0.799674,8.5,-9.5,0.927777,9.5,-9.7,2.21102,7.63599,-9.7,2.48887,7.85463,-9.5,2.21102,7.63599,-9.5,2.48887,7.85463,-9.5,2.98535,7.79543,-9.7,2.98535,7.79543,-9.5,3.20399,7.51759,-9.7,3.20399,7.51759,-8.5,-4.51195e-16,9.5,-8.5,4,9.5,-9.5,-4.51195e-16,9.5,-9.5,0.927777,9.5,-9.5,1.93595,9.5,-9.5,2.43329,9.5,-9.5,3.44038,9.5,-9.5,4,9.5,-9.5,2.50704,10.1184,-9.5,3.5,10,-9.7,2.50704,10.1184,-9.7,3.5,10,-9.5,2,7.43569e-13,-9.7,2,8.30198e-13,-9.5,1.96854,0.5,-9.7,1.84302,2.49507,-9.5,1.90563,1.5,-9.5,1.84302,2.49507,-9.5,2.48887,7.85463,-9.7,2.48887,7.85463,-9.5,2.70751,7.57679,-9.7,2.70751,7.57679,-9.5,3.44038,9.5,-9.5,3.5,10,-9.5,2.43329,9.5,-9.5,2.50704,10.1184,-9.5,2,10,-9.5,1.93595,9.5,-9.7,2,10,-9.5,1.80785,8.5,-9.5,1.39644,5.2885,-9.7,1.39644,5.2885,-9.7,1.89655,4.58164,-9.7,2.11227,4.86176,-9.7,2.39239,4.64604,-9.7,3.5,9.09608e-13,-9.7,2.50833,-0.128796,-9.7,2.88822,4.71044,-9.7,2.6081,4.92616,-9.5,0.844997,2.43228,-9.7,0.844997,2.43228,-9.5,0.903651,1.5,-9.5,0.966565,0.5,-9.5,1.00197,-0.0627905,-9.7,1.00197,-0.0627905,-9.5,1.00197,-0.0627905,-9.7,1.00197,-0.0627905,-9.5,2,7.43569e-13,-9.7,2,8.30198e-13,-9.5,3.5,10,-9.5,3.44038,9.5,-9.7,3.5,10,-9.5,3.32114,8.5,-9.5,3.20399,7.51759,-9.7,3.20399,7.51759,-9.5,1.00811,10.1271,-9.5,2,10,-9.7,1.00811,10.1271,-9.7,2,10,-9.5,1.00197,-0.0627905,-9.5,2,7.43569e-13,-9.5,0.966565,0.5,-9.5,1.96854,0.5,-9.7,1.00197,-0.0627905,-9.7,0.844997,2.43228,-9.7,2,8.30198e-13,-9.7,1.1102,2.19847,-9.7,1.60922,2.22986,-9.7,1.34401,2.46367,-9.7,1.84302,2.49507,-9.5,3.30518,1.5,-9.5,2.88822,4.71044,-9.5,2.29679,1.5,-9.5,2.39239,4.64604,-9.5,1.89655,4.58164,-9.5,2.6081,4.92616,-9.5,2.11227,4.86176,-9.5,1.93595,9.5,-9.5,2,10,-9.5,0.927777,9.5,-9.5,1.00811,10.1271,-9.5,1.96854,0.5,-9.5,1.90563,1.5,-9.5,2.42666,0.5,-9.5,2.29679,1.5,-9.5,0.844997,2.43228,-9.5,1.1102,2.19847,-9.7,0.844997,2.43228,-9.7,1.1102,2.19847,-8.5,4,0.5,-9.5,4,0.5,-8.5,4,1.5,-9.5,4,1.5,-8.5,-4.51195e-16,1.5,-9.5,-4.51195e-16,1.5,-8.5,-4.51195e-16,0.5,-9.5,-4.51195e-16,0.5,-8.5,4,8.5,-8.5,4,9.5,-8.5,-4.51195e-16,8.5,-8.5,-4.51195e-16,9.5,-9.7,2.50833,-0.128796,-9.7,3.5,9.09608e-13,-9.5,2.50833,-0.128796,-9.5,3.5,8.22979e-13,-9.5,0.903651,1.5,-9.5,1.90563,1.5,-9.5,1.60922,2.22986,-9.5,1.84302,2.49507,-9.5,1.1102,2.19847,-9.5,1.34401,2.46367,-9.5,0.844997,2.43228,-8.5,4,8.5,-9.5,4,8.5,-8.5,4,9.5,-9.5,4,9.5,-9.5,-4.51195e-16,8.5,-9.5,0.799674,8.5,-8.5,-4.51195e-16,8.5,-8.5,4,8.5,-9.5,1.80785,8.5,-9.5,2.31405,8.5,-9.5,3.32114,8.5,-9.5,4,8.5]},"normal":{"type":"float32","components":3,