{"model":{"version":3,"nodes":[{"name":"RootNode","position":[0,0,0],"rotation":[0,0,0],"scale":[1,1,1],"scaleCompensation":false},{"name":"blockMoving","position":[0,0,0],"rotation":[0,0,0],"scale":[1,1,1],"scaleCompensation":false}],"parents":[-1,0],"skins":[],"morphs":[],"vertices":[{"position":{"type":"float32","components":3,"data":[-9.6,0.707859,1.30786,-9.6,1.79214,1.30786,-10,0.707859,1.30786,-10,1.79214,1.30786,3.60956e-15,-8.9913e-16,9.44607,-0.553929,-8.9913e-16,10,3.60956e-15,3.25927e-18,0.553929,-0.553929,3.25927e-18,0,-9.44607,-8.9913e-16,10,-9.44607,3.25927e-18,0,-10,-8.9913e-16,9.4459,-10,3.25927e-18,0.553929,3.60956e-15,3.25927e-18,0.553929,3.60956e-15,2.5,0.553929,3.60956e-15,1.79214,1.30786,3.60956e-15,2.5,9.44607,3.60956e-15,1.79214,8.69214,3.60956e-15,0.707859,8.69214,3.60956e-15,0.707859,1.30786,3.60956e-15,-8.9913e-16,9.44607,-9.44607,-8.9913e-16,10,-0.553929,-8.9913e-16,10,-1.30786,0.707859,10,-0.553929,2.5,10,-1.30786,1.79214,10,-8.69214,1.79214,10,-8.69214,0.707859,10,-9.44607,2.5,10,-9.6,0.707859,1.30786,-10,0.707859,1.30786,-9.6,0.707859,8.69214,-10,0.707859,8.69214,-1.30786,0.707859,9.6,-8.69214,0.707859,9.6,-1.30786,0.707859,10,-8.69214,0.707859,10,-1.30786,0.707859,9.6,-1.30786,0.707859,10,-1.30786,1.79214,9.6,-1.30786,1.79214,10,-1.30786,1.79214,10,-8.69214,1.79214,10,-1.30786,1.79214,9.6,-8.69214,1.79214,9.6,-8.69214,1.79214,9.6,-8.69214,1.79214,10,-8.69214,0.707859,9.6,-8.69214,0.707859,10,-0.4,0.707859,8.69214,-0.4,1.79214,8.69214,3.60956e-15,0.707859,8.69214,3.60956e-15,1.79214,8.69214,3.60956e-15,0.707859,1.30786,-0.4,0.707859,1.30786,3.60956e-15,0.707859,8.69214,-0.4,0.707859,8.69214,3.60956e-15,0.707859,1.30786,3.60956e-15,1.79214,1.30786,-0.4,0.707859,1.30786,-0.4,1.79214,1.30786,-9.6,1.79214,8.69214,-10,1.79214,8.69214,-9.6,1.79214,1.30786,-10,1.79214,1.30786,-10,2.5,0.553929,-10,3.25927e-18,0.553929,-10,0.707859,1.30786,-10,-8.9913e-16,9.4459,-10,0.707859,8.69214,-10,1.79214,8.69214,-10,1.79214,1.30786,-10,2.5,9.4459,-10,0.707859,8.69214,-10,1.79214,8.69214,-9.6,0.707859,8.69214,-9.6,1.79214,8.69214,-1.30786,0.707859,0,-1.30786,0.707859,0.4,-1.30786,1.79214,0,-1.30786,1.79214,0.4,-1.30786,0.707859,0,-8.69214,0.707859,0,-1.30786,0.707859,0.4,-8.69214,0.707859,0.4,-1.30786,1.79214,0.4,-8.69214,1.79214,0.4,-1.30786,1.79214,0,-8.69214,1.79214,0,-8.69214,1.79214,0,-8.69214,1.79214,0.4,-8.69214,0.707859,0,-8.69214,0.707859,0.4,-0.553929,2.5,0,3.60956e-15,2.5,0.553929,-0.553929,3.25927e-18,0,3.60956e-15,3.25927e-18,0.553929,3.60956e-15,2.5,0.553929,-0.553929,2.5,0,3.60956e-15,2.5,9.44607,-0.553929,2.5,10,-1.30786,2.5,1.30786,-9.44607,2.5,0,-8.69214,2.5,1.30786,-1.30786,2.5,8.69214,-9.44607,2.5,10,-8.69214,2.5,8.69214,-10,2.5,0.553929,-10,2.5,9.4459,3.60956e-15,1.79214,8.69214,-0.4,1.79214,8.69214,3.60956e-15,1.79214,1.30786,-0.4,1.79214,1.30786,3.60956e-15,2.5,9.44607,-0.553929,2.5,10,3.60956e-15,-8.9913e-16,9.44607,-0.553929,-8.9913e-16,10,-9.44607,3.25927e-18,0,-10,3.25927e-18,0.553929,-9.44607,2.5,0,-10,2.5,0.553929,-10,-8.9913e-16,9.4459,-9.44607,-8.9913e-16,10,-10,2.5,9.4459,-9.44607,2.5,10,-2.01676,2.5,2.01676,-7.98324,2.5,2.01676,-2.01676,2.5,7.98324,-7.98324,2.5,7.98324,-0.553929,3.25927e-18,0,-9.44607,3.25927e-18,0,-8.69214,0.707859,0,-9.44607,2.5,0,-8.69214,1.79214,0,-1.30786,1.79214,0,-1.30786,0.707859,0,-0.553929,2.5,0,-1.30786,0.707859,9.6,-1.30786,1.79214,9.6,-8.69214,0.707859,9.6,-8.69214,1.79214,9.6,-0.4,1.79214,1.30786,-0.4,1.79214,8.69214,-0.4,0.707859,1.30786,-0.4,0.707859,8.69214,-9.6,0.707859,1.30786,-9.6,0.707859,8.69214,-9.6,1.79214,1.30786,-9.6,1.79214,8.69214,-8.69214,0.707859,0.4,-8.69214,1.79214,0.4,-1.30786,0.707859,0.4,-1.30786,1.79214,0.4]},"normal":{"type":"float32","components":3,"data":[0,0,1,0,0,1,0,0,1,0,0,1,0,-1,0,0,-1,0,0,-1,0,0,-1,0,0,-1,0,0,-1,0,0,-1,0,0,-1,0,1,0,0,1,0,0,1,0,0,1,0,0,1,0,0,1,0,0,1,0,0,1,0,0,0,0,1,0,0,1,0,0,1,0,0,1,0,0,1,0,0,1,0,0,1,0,0,1,0,1,0,0,1,0,0,1,0,0,1,0,0,1,0,0,1,0,0,1,0,0,1,0,-1,0,0,-1,0,0,-1,0,0,-1,0,0,0,-1,0,0,-1,0,0,-1,0,0,-1,0,1,0,0,1,0,0,1,0,0,1,0,0,0,0,-1,0,0,-1,0,0,-1,0,0,-1,0,1,0,0,1,0,0,1,0,0,1,0,0,0,1,0,0,1,0,0,1,0,0,1,0,-1,0,0,-1,0,0,-1,0,0,-1,0,-1,0,0,-1,0,0,-1,0,0,-1,0,0,-1,0,0,-1,0,0,-1,0,0,-1,0,0,0,0,-1,0,0,-1,0,0,-1,0,0,-1,-1,0,0,-1,0,0,-1,0,0,-1,0,0,0,1,0,0,1,0,0,1,0,0,1,0,0,-1,0,0,-1,0,0,-1,0,0,-1,0,1,0,0,1,0,0,1,0,0,1,0,0,0.707107,0,-0.707107,0.707107,0,-0.707107,0.707107,0,-0.707107,0.707107,0,-0.707107,0,1,0,0,1,0,0,1,0,0,1,0,0,1,0,0,1,0,0,1,0,0,1,0,0,1,0,0,1,0,0,1,0,0,1,0,0,-1,0,0,-1,0,0,-1,0,0,-1,0,0.707107,0,0.707107,0.707107,0,0.707107,0.707107,0,0.707107,0.707107,0,0.707107,-0.707107,0,-0.707107,-0.707107,0,-0.707107,-0.707107,0,-0.707107,-0.707107,0,-0.707107,-0.707213,0,0.707001,-0.707213,0,0.707001,-0.707213,0,0.707001,-0.707213,0,0.707001,0,1,0,0,1,0,0,1,0,0,1,0,0,0,-1,0,0,-1,0,0,-1,0,0,-1,0,0,-1,0,0,-1,0,0,-1,0,0,-1,0,0,1,0,0,1,0,0,1,0,0,1,1,0,0,1,0,0,1,0,0,1,0,0,-1,0,0,-1,0,0,-1,0,0,-1,0,0,0,0,-1,0,0,-1,0,0,-1,0,0,-1]},"texCoord0":{"type":"float32","components":2,"data":[-37.7953,2.78685,-37.7953,7.05567,-39.3701,2.78685,-39.3701,7.05567,1.42108e-14,37.1893,-2.18082,39.3701,1.42108e-14,2.18082,-2.18082,-4.97203e-33,-37.1893,39.3701,-37.1893,-7.09701e-32,-39.3701,37.1886,-39.3701,2.18082,-2.18082,1.28318e-17,-2.18082,9.84252,-5.14905,7.05567,-37.1893,9.84252,-34.221,7.05567,-34.221,2.78685,-5.14905,2.78685,-37.1893,-3.53988e-15,-37.1893,-3.53988e-15,-2.18082,-3.53988e-15,-5.14905,2.78685,-2.18082,9.84252,-5.14905,7.05567,-34.221,7.05567,-34.221,2.78685,-37.1893,9.84252,37.7953,5.14905,39.3701,5.14905,37.7953,34.221,39.3701,34.221,5.14905,37.7953,34.221,37.7953,5.14905,39.3701,34.221,39.3701,37.7953,2.78685,39.3701,2.78685,37.7953,7.05567,39.3701,7.05567,-5.14905,39.3701,-34.221,39.3701,-5.14905,37.7953,-34.221,37.7953,-37.7953,7.05567,-39.3701,7.05567,-37.7953,2.78685,-39.3701,2.78685,1.5748,2.78685,1.5748,7.05567,-1.42108e-14,2.78685,-1.42108e-14,7.05567,-1.42108e-14,5.14905,1.5748,5.14905,-1.42108e-14,34.221,1.5748,34.221,1.42108e-14,2.78685,1.42108e-14,7.05567,-1.5748,2.78685,-1.5748,7.05567,-37.7953,34.221,-39.3701,34.221,-37.7953,5.14905,-39.3701,5.14905,2.18082,9.84252,2.18082,1.28318e-17,5.14905,2.78685,37.1886,-3.53988e-15,34.221,2.78685,34.221,7.05567,5.14905,7.05567,37.1886,9.84252,39.3701,2.78685,39.3701,7.05567,37.7953,2.78685,37.7953,7.05567,0,2.78685,1.5748,2.78685,0,7.05567,1.5748,7.05567,5.14905,0,34.221,0,5.14905,1.5748,34.221,1.5748,-5.14905,1.5748,-34.221,1.5748,-5.14905,0,-34.221,0,0,7.05567,-1.5748,7.05567,0,2.78685,-1.5748,2.78685,1.54208,9.84252,-1.54208,9.84252,1.54208,1.28318e-17,-1.54208,1.28318e-17,-1.42108e-14,2.18082,2.18082,0,-1.42108e-14,37.1893,2.18082,39.3701,5.14905,5.14905,37.1893,0,34.221,5.14905,5.14905,34.221,37.1893,39.3701,34.221,34.221,39.3701,2.18082,39.3701,37.1886,1.42108e-14,34.221,-1.5748,34.221,1.42108e-14,5.14905,-1.5748,5.14905,-26.2968,9.84252,-29.3809,9.84252,-26.2968,-3.53988e-15,-29.3809,-3.53988e-15,26.2968,1.28318e-17,29.3809,1.28318e-17,26.2968,9.84252,29.3809,9.84252,-1.53442,-3.53988e-15,1.5502,-3.53988e-15,-1.53442,9.84252,1.5502,9.84252,7.93998,7.93998,31.4301,7.93998,7.93998,31.4301,31.4301,31.4301,2.18082,1.28318e-17,37.1893,1.28318e-17,34.221,2.78685,37.1893,9.84252,34.221,7.05567,5.14905,7.05567,5.14905,2.78685,2.18082,9.84252,-5.14905,2.78685,-5.14905,7.05567,-34.221,2.78685,-34.221,7.05567,-5.14905,7.05567,-34.221,7.05567,-5.14905,2.78685,-34.221,2.78685,5.14905,2.78685,34.221,2.78685,5.14905,7.05567,34.221,7.05567,34.221,2.78685,34.221,7.05567,5.14905,2.78685,5.14905,7.05567]}}],"meshes":[{"aabb":{"min":[-10,-8.9913e-16,0],"max":[3.60956e-15,2.5,10]},"vertices":0,