{"model":{"version":3,"nodes":[{"name":"RootNode","position":[0,0,0],"rotation":[0,0,0],"scale":[1,1,1],"scaleCompensation":false},{"name":"fence","position":[0,0,0],"rotation":[0,0,0],"scale":[1,1,1],"scaleCompensation":false}],"parents":[-1,0],"skins":[],"morphs":[],"vertices":[{"position":{"type":"float32","components":3,"data":[-8.5,4,1.5,-8.5,4,0.5,-9.5,4,1.5,-9.5,4,0.5,-9.5,1,10,-9.5,2,10,-9.7,1,10,-9.7,2,10,-9.5,3.5,1.5,-9.5,3.5,8.5,-9.5,2.5,1.5,-9.5,2.5,8.5,-8.5,0,1.5,-8.5,4,1.5,-9.5,0,1.5,-9.5,1,1.5,-9.5,2,1.5,-9.5,2.5,1.5,-9.5,3.5,1.5,-9.5,4,1.5,-9.5,3.5,8.5,-9.5,3.5,9.5,-9.5,4,8.5,-9.5,4,9.5,-9.5,0,0.5,-9.5,1,0.5,-8.5,0,0.5,-8.5,4,0.5,-9.5,2,0.5,-9.5,2.5,0.5,-9.5,3.5,0.5,-9.5,4,0.5,-9.5,1,10,-9.7,1,10,-9.5,1,9.5,-9.5,1,8.5,-9.5,1,1.5,-9.5,1,0.5,-9.5,1,1.44382e-13,-9.7,1,2.31012e-13,-8.5,4,0.5,-8.5,4,1.5,-8.5,0,0.5,-8.5,0,1.5,-9.7,1,2.31012e-13,-9.7,1,10,-9.7,2,3.03203e-13,-9.7,2,10,-9.5,2.5,10,-9.7,2.5,10,-9.5,2.5,9.5,-9.5,2.5,8.5,-9.5,2.5,1.5,-9.5,2.5,0.5,-9.5,2.5,2.4545e-13,-9.7,2.5,3.32079e-13,-9.7,2.5,3.32079e-13,-9.7,2.5,10,-9.7,3.5,4.0427e-13,-9.7,3.5,10,-9.5,1,1.44382e-13,-9.5,2,2.16573e-13,-9.5,1,0.5,-9.5,2,0.5,-9.5,3.5,9.5,-9.5,3.5,10,-9.5,2.5,9.5,-9.5,2.5,10,-8.5,4,9.5,-8.5,4,8.5,-9.5,4,9.5,-9.5,4,8.5,-9.5,0,8.5,-9.5,1,8.5,-8.5,0,8.5,-8.5,4,8.5,-9.5,2,8.5,-9.5,2.5,8.5,-9.5,3.5,8.5,-9.5,4,8.5,-9.5,2.5,10,-9.5,3.5,10,-9.7,2.5,10,-9.7,3.5,10,-9.5,3.5,0.5,-9.5,3.5,1.5,-9.5,4,0.5,-9.5,4,1.5,-9.5,2,10,-9.5,2,9.5,-9.7,2,10,-9.5,2,8.5,-9.5,2,1.5,-9.5,2,0.5,-9.5,2,2.16573e-13,-9.7,2,3.03203e-13,-8.5,4,8.5,-8.5,4,9.5,-8.5,0,8.5,-8.5,0,9.5,-9.5,3.5,10,-9.5,3.5,9.5,-9.7,3.5,10,-9.5,3.5,8.5,-9.5,3.5,1.5,-9.5,3.5,0.5,-9.5,3.5,3.17641e-13,-9.7,3.5,4.0427e-13,-9.5,2,9.5,-9.5,2,10,-9.5,1,9.5,-9.5,1,10,-9.7,2.5,3.32079e-13,-9.7,3.5,4.0427e-13,-9.5,2.5,2.4545e-13,-9.5,3.5,3.17641e-13,-9.7,1,2.31012e-13,-9.7,2,3.03203e-13,-9.5,1,1.44382e-13,-9.5,2,2.16573e-13,-9.5,2,8.5,-9.5,2,9.5,-9.5,2.5,8.5,-9.5,2.5,9.5,-9.5,2.5,2.4545e-13,-9.5,3.5,3.17641e-13,-9.5,2.5,0.5,-9.5,3.5,0.5,-8.5,0,1.5,-9.5,0,1.5,-8.5,0,0.5,-9.5,0,0.5,-9.5,2,1.5,-9.5,2,8.5,-9.5,1,1.5,-9.5,1,8.5,-8.5,0,9.5,-9.5,0,9.5,-8.5,0,8.5,-9.5,0,8.5,-8.5,0,9.5,-8.5,4,9.5,-9.5,0,9.5,-9.5,1,9.5,-9.5,2,9.5,-9.5,2.5,9.5,-9.5,3.5,9.5,-9.5,4,9.5,-9.5,0,8.5,-9.5,0,9.5,-9.5,1,8.5,-9.5,1,9.5,-9.5,0,0.5,-9.5,0,1.5,-9.5,1,0.5,-9.5,1,1.5,-9.5,2,0.5,-9.5,2,1.5,-9.5,2.5,0.5,-9.5,2.5,1.5]},"normal":{"type":"float32","components":3,"data":[0,1,0,0,1,0,0,1,0,0,1,0,0,0,1,0,0,1,0,0,1,0,0,1,1,0,0,1,0,0,1,0,0,1,0,0,0,0,1,0,0,1,0,0,1,0,0,1,0,0,1,0,0,1,0,0,1,0,0,1,-1,0,0,-1,0,0,-1,0,0,-1,0,0,0,0,-1,0,0,-1,0,0,-1,0,0,-1,0,0,-1,0,0,-1,0,0,-1,0,0,-1,0,-1,0,0,-1,0,0,-1,0,0,-1,0,0,-1,0,0,-1,0,0,-1,0,0,-1,0,1,0,0,1,0,0,1,0,0,1,0,0,-1,0,0,-1,0,0,-1,0,0,-1,0,0,0,-1,0,0,-1,0,0,-1,0,0,-1,0,0,-1,0,0,-1,0,0,-1,0,0,-1,0,-1,0,0,-1,0,0,-1,0,0,-1,0,0,1,0,0,1,0,0,1,0,0,1,0,0,1,0,0,1,0,0,1,0,0,1,0,0,0,1,0,0,1,0,0,1,0,0,1,0,0,0,-1,0,0,-1,0,0,-1,0,0,-1,0,0,-1,0,0,-1,0,0,-1,0,0,-1,0,0,1,0,0,1,0,0,1,0,0,1,-1,0,0,-1,0,0,-1,0,0,-1,0,0,0,1,0,0,1,0,0,1,0,0,1,0,0,1,0,0,1,0,0,1,0,0,1,0,1,0,0,1,0,0,1,0,0,1,0,0,0,1,0,0,1,0,0,1,0,0,1,0,0,1,0,0,1,0,0,1,0,0,1,0,1,0,0,1,0,0,1,0,0,1,0,0,0,0,-1,0,0,-1,0,0,-1,0,0,-1,0,0,-1,0,0,-1,0,0,-1,0,0,-1,-1,0,0,-1,0,0,-1,0,0,-1,0,0,1,0,0,1,0,0,1,0,0,1,0,0,0,-1,0,0,-1,0,0,-1,0,0,-1,0,1,0,0,1,0,0,1,0,0,1,0,0,0,-1,0,0,-1,0,0,-1,0,0,-1,0,0,0,1,0,0,1,0,0,1,0,0,1,0,0,1,0,0,1,0,0,1,0,0,1,-1,0,0,-1,0,0,-1,0,0,-1,0,0,-1,0,0,-1,0,0,-1,0,0,-1,0,0,-1,0,0,-1,0,0,-1,0,0,-1,0,0]},"texCoord0":{"type":"float32","components":2,"data":[33.4646,5.90551,33.4646,1.9685,37.4016,5.90551,37.4016,1.9685,-37.4016,3.93701,-37.4016,7.87402,-38.189,3.93701,-38.189,7.87402,-5.90551,13.7795,-33.4646,13.7795,-5.90551,9.84252,-33.4646,9.84252,-33.4646,0,-33.4646,15.748,-37.4016,0,-37.4016,3.93701,-37.4016,7.87402,-37.4016,9.84252,-37.4016,13.7795,-37.4016,15.748,33.4646,13.7795,37.4016,13.7795,33.4646,15.748,37.4016,15.748,37.4016,0,37.4016,3.93701,33.4646,0,33.4646,15.748,37.4016,7.87402,37.4016,9.84252,37.4016,13.7795,37.4016,15.748,-37.4016,39.3701,-38.189,39.3701,-37.4016,37.4016,-37.4016,33.4646,-37.4016,5.90551,-37.4016,1.9685,-37.4016,2.95629e-13,-38.189,6.36689e-13,-1.9685,15.748,-5.90551,15.748,-1.9685,0,-5.90551,0,-1.5756e-11,3.93701,39.3701,3.93701,-1.54717e-11,7.87402,39.3701,7.87402,-37.4016,39.3701,-38.189,39.3701,-37.4016,37.4016,-37.4016,33.4646,-37.4016,5.90551,-37.4016,1.9685,-37.4016,2.84325e-13,-38.189,6.25385e-13,-1.5358e-11,9.84252,39.3701,9.84252,-1.50738e-11,13.7795,39.3701,13.7795,1.57534e-11,3.93701,1.54692e-11,7.87402,-1.9685,3.93701,-1.9685,7.87402,-37.4016,13.7795,-39.3701,13.7795,-37.4016,9.84252,-39.3701,9.84252,33.4646,37.4016,33.4646,33.4646,37.4016,37.4016,37.4016,33.4646,37.4016,0,37.4016,3.93701,33.4646,0,33.4646,15.748,37.4016,7.87402,37.4016,9.84252,37.4016,13.7795,37.4016,15.748,-37.4016,9.84252,-37.4016,13.7795,-38.189,9.84252,-38.189,13.7795,1.9685,13.7795,5.90551,13.7795,1.9685,15.748,5.90551,15.748,37.4016,39.3701,37.4016,37.4016,38.189,39.3701,37.4016,33.4646,37.4016,5.90551,37.4016,1.9685,37.4016,3.07041e-13,38.189,6.48101e-13,-33.4646,15.748,-37.4016,15.748,-33.4646,0,-37.4016,0,37.4016,39.3701,37.4016,37.4016,38.189,39.3701,37.4016,33.4646,37.4016,5.90551,37.4016,1.9685,37.4016,2.95736e-13,38.189,6.36797e-13,-37.4016,7.87402,-39.3701,7.87402,-37.4016,3.93701,-39.3701,3.93701,38.189,9.84252,38.189,13.7795,37.4016,9.84252,37.4016,13.7795,38.189,3.93701,38.189,7.87402,37.4016,3.93701,37.4016,7.87402,33.4646,7.87402,37.4016,7.87402,33.4646,9.84252,37.4016,9.84252,1.53555e-11,9.84252,1.50713e-11,13.7795,-1.9685,9.84252,-1.9685,13.7795,-33.4646,5.90551,-37.4016,5.90551,-33.4646,1.9685,-37.4016,1.9685,-5.90551,7.87402,-33.4646,7.87402,-5.90551,3.93701,-33.4646,3.93701,-33.4646,37.4016,-37.4016,37.4016,-33.4646,33.4646,-37.4016,33.4646,-33.4646,0,-33.4646,15.748,-37.4016,0,-37.4016,3.93701,-37.4016,7.87402,-37.4016,9.84252,-37.4016,13.7795,-37.4016,15.748,33.4646,0,37.4016,0,33.4646,3.93701,37.4016,3.93701,1.9685,0,5.90551,0,1.9685,3.93701,5.90551,3.93701,1.9685,7.87402,5.90551,7.87402,1.9685,9.84252,5.90551,9.84252]}}],"meshes":[{"aabb":{"min":[-9.7,0,1.44382e-13],"max":[-8.5,4,10]},"vertices":0,"indices":[0,1,2,3,2,1,4,5,6,7,6,5,8,9,10,11,10,9,12,13,14,15,14,13,16,15,13,17,16,13,18,17,13,19,18,13,20,21,22,23,22,21,24,25,26,27,26,25,28,27,25,29,27,28,30,27,29,31,27,30,32,33,34,35,34,33,36,35,33,37,36,33,38,37,33,39,38,33,40,41,42,43,42,41,44,45,46,47,46,45,48,49,50,51,50,49,52,51,49,53,52,49,54,53,49,55,54,49,56,57,58,59,58,57,60,61,62,63,62,61,64,65,66,67,66,65,68,69,70,71,70,69,72,73,74,75,74,73,76,75,73,77,75,76,78,75,77,79,75,78,80,81,82,83,82,81,84,85,86,87,86,85,88,89,90,91,90,89,92,90,91,93,90,92,94,90,93,95,90,94,96,97,98,99,98,97,100,101,102,103,102,101,104,102,103,105,102,104,106,102,105,107,102,106,108,109,110,111,110,109,112,113,114,115,114,113,116,117,118,119,118,117,120,121,122,123,122,121,124,125,126,127,126,125,128,129,130,131,130,129,132,133,134,135,134,133,136,137,138,139,138,137,140,141,142,143,142,141,144,143,141,145,144,141,146,145,141,147,146,141,148,149,150,151,150,149,152,153,154,155,154,153,156,157,158,159,158,157],"type":"triangles","base":0,"count":288}],"meshInstances":[{"node":1,"mesh":0}]}}