{"model":{"version":3,"nodes":[{"name":"RootNode","position":[0,0,0],"rotation":[0,0,0],"scale":[1,1,1],"scaleCompensation":false},{"name":"blockEnd","position":[0,0,0],"rotation":[0,0,0],"scale":[1,1,1],"scaleCompensation":false}],"parents":[-1,0],"skins":[],"morphs":[],"vertices":[{"position":{"type":"float32","components":3,"data":[-5,2.70717e-15,10,-5,5,10,-10,2.70717e-15,5,-10,5,5,-2.33899e-12,5,5,-5,5,10,-2.33899e-12,5.41434e-15,5,-5,2.70717e-15,10,-4.67799e-12,5,-5.05338e-12,-2.33899e-12,5,5,0,-1.56481e-30,0,-2.33899e-12,5.41434e-15,5,0,-1.56481e-30,0,-2.33899e-12,5.41434e-15,5,-10,-1.56481e-30,0,-5,2.70717e-15,10,-10,2.70717e-15,5,-10,-1.56481e-30,0,-10,2.70717e-15,5,-10,5,1.44382e-14,-10,5,5,-10,-1.56481e-30,0,-10,5,1.44382e-14,0,-1.56481e-30,0,-4.67799e-12,5,-5.05338e-12,-2.33899e-12,5,5,-5,5,10,0.647102,3.41493,5.6471,-0.602898,3.41493,6.8971,0.31565,2.69589,6.56565,-1.8529,3.41493,8.1471,-0.93435,2.69589,7.81565,-2.18435,2.69589,9.06565,-3.1029,3.41493,9.3971,-3.43435,2.69589,10.3156,-4.3529,3.41493,10.6471,-2.33899e-12,5,5,-4.67799e-12,5,-5.05338e-12,-5,5,10,-10,5,1.44382e-14,-10,5,5,-9.16667,2.69589,-1.33028,-10,3.41493,-0.91514,-8.33333,3.41493,-0.91514,-10,5,1.44382e-14,-6.66667,3.41493,-0.91514,-5,3.41493,-0.91514,-3.33333,3.41493,-0.91514,-1.66667,3.41493,-0.91514,9.38485e-13,3.41493,-0.91514,-4.67799e-12,5,-5.05338e-12,-0.833333,2.69589,-1.33028,-2.5,2.69589,-1.33028,-4.16667,2.69589,-1.33028,-5.83333,2.69589,-1.33028,-7.5,2.69589,-1.33028,-10.9151,3.41493,1.44382e-14,-11.3303,2.69589,0.833333,-10,5,1.44382e-14,-10.9151,3.41493,1.66667,-10,5,5,-11.3303,2.69589,2.5,-10.9151,3.41493,3.33333,-11.3303,2.69589,4.16667,-10.9151,3.41493,5,-10.9151,3.41493,1.44382e-14,-10,5,1.44382e-14,-10,3.41493,-0.91514,0.91514,3.41493,-5.48653e-12,-4.67799e-12,5,-5.05338e-12,1.33028,2.69589,0.833333,0.91514,3.41493,1.66667,-2.33899e-12,5,5,1.33028,2.69589,2.5,0.91514,3.41493,3.33333,1.33028,2.69589,4.16667,0.91514,3.41493,5,9.38485e-13,3.41493,-0.91514,-4.67799e-12,5,-5.05338e-12,0.91514,3.41493,-5.48653e-12,-10.9151,3.41493,5,-10.6471,3.41493,5.6471,-10,5,5,-4.3529,3.41493,10.6471,-5,5,10,-5.6471,3.41493,10.6471,-6.56565,2.69589,10.3156,-5.6471,3.41493,10.6471,-6.8971,3.41493,9.3971,-5,5,10,-8.1471,3.41493,8.1471,-9.3971,3.41493,6.8971,-10.6471,3.41493,5.6471,-10,5,5,-10.3156,2.69589,6.56565,-9.06565,2.69589,7.81565,-7.81565,2.69589,9.06565,-2.33899e-12,5,5,0.647102,3.41493,5.6471,0.91514,3.41493,5]},"normal":{"type":"float32","components":3,"data":[-0.707107,0,0.707107,-0.707107,0,0.707107,-0.707107,0,0.707107,-0.707107,0,0.707107,0.707107,0,0.707107,0.707107,0,0.707107,0.707107,0,0.707107,0.707107,0,0.707107,1,0,0,1,0,0,1,0,0,1,0,0,0,-1,0,0,-1,0,0,-1,0,0,-1,0,0,-1,0,-1,0,0,-1,0,0,-1,0,0,-1,0,0,0,0,-1,0,0,-1,0,0,-1,0,0,-1,0.612373,0.5,0.612373,0.612373,0.5,0.612373,0.612373,0.5,0.612373,0.612373,0.5,0.612373,0.612373,0.5,0.612373,0.612373,0.5,0.612373,0.612373,0.5,0.612373,0.612373,0.5,0.612373,0.612373,0.5,0.612373,0.612373,0.5,0.612373,0.612373,0.5,0.612373,0,1,0,0,1,0,0,1,0,0,1,0,0,1,0,0,0.5,-0.866025,0,0.5,-0.866025,0,0.5,-0.866025,0,0.5,-0.866025,0,0.5,-0.866025,0,0.5,-0.866025,0,0.5,-0.866025,0,0.5,-0.866025,0,0.5,-0.866025,0,0.5,-0.866025,0,0.5,-0.866025,0,0.5,-0.866025,0,0.5,-0.866025,0,0.5,-0.866025,0,0.5,-0.866025,-0.866025,0.5,0,-0.866025,0.5,0,-0.866025,0.5,0,-0.866025,0.5,0,-0.866025,0.5,0,-0.866025,0.5,0,-0.866025,0.5,0,-0.866025,0.5,0,-0.866025,0.5,0,-0.654654,0.377964,-0.654654,-0.654654,0.377964,-0.654654,-0.654654,0.377964,-0.654654,0.866025,0.5,0,0.866025,0.5,0,0.866025,0.5,0,0.866025,0.5,0,0.866025,0.5,0,0.866025,0.5,0,0.866025,0.5,0,0.866025,0.5,0,0.866025,0.5,0,0.654654,0.377964,-0.654654,0.654654,0.377964,-0.654654,0.654654,0.377964,-0.654654,-0.815165,0.470636,0.337652,-0.815165,0.470636,0.337652,-0.815165,0.470636,0.337652,0,0.377964,0.92582,0,0.377964,0.92582,0,0.377964,0.92582,-0.612373,0.5,0.612373,-0.612373,0.5,0.612373,-0.612373,0.5,0.612373,-0.612373,0.5,0.612373,-0.612373,0.5,0.612373,-0.612373,0.5,0.612373,-0.612373,0.5,0.612373,-0.612373,0.5,0.612373,-0.612373,0.5,0.612373,-0.612373,0.5,0.612373,-0.612373,0.5,0.612373,0.815165,0.470636,0.337652,0.815165,0.470636,0.337652,0.815165,0.470636,0.337652]},"texCoord0":{"type":"float32","components":2,"data":[13.9194,1.06581e-14,13.9194,19.685,-13.9194,1.06581e-14,-13.9194,19.685,-13.9194,19.685,-41.7583,19.685,-13.9194,2.13163e-14,-41.7583,1.06581e-14,1.98952e-11,19.685,-19.685,19.685,0,-6.16067e-30,-19.685,2.13163e-14,0,-1.4013e-45,-9.20863e-12,19.685,-39.3701,5.15068e-32,-19.685,39.3701,-39.3701,19.685,-4.49931e-27,-3.86535e-12,19.685,-3.85469e-12,5.68434e-14,19.685,19.685,19.685,39.3701,5.03407e-24,39.3701,19.685,0,-6.16067e-30,1.84173e-11,19.685,-13.9194,10.088,-41.7583,10.088,-13.9194,2.88221,-20.8791,2.88221,-17.3993,-0.386614,-27.8389,2.88221,-24.359,-0.386614,-31.3187,-0.386614,-34.7986,2.88221,-38.2784,-0.386614,-41.7583,2.88221,9.20863e-12,19.685,1.84173e-11,-1.98952e-11,19.685,39.3701,39.3701,5.68434e-14,39.3701,19.685,36.0892,6.5731,39.3701,9.84192,32.8084,9.84192,39.3701,17.0477,26.2467,9.84192,19.685,9.84192,13.1234,9.84192,6.56168,9.84192,-4.30678e-12,9.84192,1.84173e-11,17.0477,3.28084,6.5731,9.84252,6.5731,16.4042,6.5731,22.9659,6.5731,29.5276,6.5731,1.70768e-12,-9.84312,3.28084,-13.1119,1.56927e-12,-2.6373,6.56168,-9.84312,19.685,-2.6373,9.84252,-13.1119,13.1234,-9.84312,16.4042,-13.1119,19.685,-9.84312,30.3865,0.962275,27.8389,7.70271,25.2912,0.962275,1.99069e-11,9.84192,1.98952e-11,17.0477,-3.28084,6.5731,-6.56168,9.84192,-19.685,17.0477,-9.84252,6.5731,-13.1234,9.84192,-16.4042,6.5731,-19.685,9.84192,2.54765,11.4844,2.7091e-11,18.2248,-2.54765,11.4844,1.74155,-10.3679,4.4991,-10.3679,3.12033,-3.29523,-17.1374,-3.39612,-19.685,3.34431,-22.2327,-3.39612,10.4396,-14.306,13.9194,-11.0372,6.95971,-11.0372,13.9194,-3.83139,-1.09672e-11,-11.0372,-6.95971,-11.0372,-13.9194,-11.0372,-13.9194,-3.83139,-10.4396,-14.306,-3.47986,-14.306,3.47986,-14.306,-18.1866,13.8233,-19.5654,6.75061,-16.8078,6.75061]}}],"meshes":[{"aabb":{"min":[-11.3303,-1.56481e-30,-1.33028],"max":[1.33028,5,10.6471]},"vertices":0,"indices":[0,1,2,3,2,1,4,5,6,7,6,5,8,9,10,11,10,9,12,13,14,15,14,13,16,14,15,17,18,19,20,19,18,21,22,23,24,23,22],"type":"triangles","base":0,"count":39},{"aabb":{"min":[-11.3303,-1.56481e-30,-1.33028],"max":[1.33028,5,10.6471]},"vertices":0,"indices":[25,26,27,28,27,26,29,27,28,30,28,26,31,28,30,32,30,26,33,32,26,34,33,26,35,34,26,36,37,38,39,38,37,40,38,39,41,42,43,44,43,42,45,43,44,46,45,44,47,46,44,48,47,44,49,48,44,50,49,44,48,49,51,47,48,52,46,47,53,45,46,54,43,45,55,56,57,58,59,58,57,60,58,59,61,60,59,62,60,61,63,60,62,64,60,63,65,66,67,68,69,70,71,70,69,72,71,69,73,71,72,74,73,72,75,74,72,76,75,72,77,78,79,80,81,82,83,84,85,86,87,88,89,88,87,90,88,89,91,90,89,92,91,89,93,92,89,91,92,94,90,91,95,88,90,96,97,98,99],"type":"triangles","base":0,"count":159}],"meshInstances":[{"node":1,"mesh":0},{"node":1,"mesh":1}]}}