{"model":{"version":3,"nodes":[{"name":"RootNode","position":[0,0,0],"rotation":[0,0,0],"scale":[1,1,1],"scaleCompensation":false},{"name":"formation_stone","position":[46.3515,1.98526e-13,-79.4171],"rotation":[180,-7.01671e-15,180],"scale":[1,1,1],"scaleCompensation":false}],"parents":[-1,0],"skins":[],"morphs":[],"vertices":[{"position":{"type":"float32","components":3,"data":[-3.15068,8.4525,4.92128,-4.61317,8.4525,7.4544,-2.93785,6.272,4.92128,-3.08908,6.272,5.18322,-3.19689,4.45074,5.67785,-4.41788,4.45074,7.79266,-3.15068,8.4525,4.92128,-4.61317,8.4525,2.38815,-4.61317,8.4525,7.4544,-4.62051,8.4525,4.52348,-5.46363,8.4525,3.06315,-7.53818,8.4525,2.38815,-7.14987,8.4525,3.06315,-7.99299,8.4525,4.52348,-9.00068,8.4525,4.92128,-5.46363,8.4525,5.9838,-7.53818,8.4525,7.4544,-7.14987,8.4525,5.9838,-5.0758,12.2475,4.52348,-5.69127,12.2475,5.58952,-4.62051,8.4525,4.52348,-5.46363,8.4525,5.9838,-5.46363,8.4525,3.06315,-5.69127,12.2475,3.45744,-4.62051,8.4525,4.52348,-5.0758,12.2475,4.52348,-5.46363,8.4525,5.9838,-5.69127,12.2475,5.58952,-7.14987,8.4525,5.9838,-6.92223,12.2475,5.58952,-7.14987,8.4525,3.06315,-6.92223,12.2475,3.45744,-5.46363,8.4525,3.06315,-5.69127,12.2475,3.45744,-5.0758,12.2475,4.52348,-5.69127,12.2475,3.45744,-5.69127,12.2475,5.58952,-6.92223,12.2475,3.45744,-6.92223,12.2475,5.58952,-7.5377,12.2475,4.52348,-9.82568,0,4.92128,-9.58596,1.80478e-15,5.33649,-9.00068,8.4525,4.92128,-7.53818,8.4525,7.4544,-8.46457,3.4425,6.6968,-7.78267,3.4425,7.87789,-7.99299,8.4525,4.52348,-7.14987,8.4525,5.9838,-7.5377,12.2475,4.52348,-6.92223,12.2475,5.58952,-7.14987,8.4525,3.06315,-7.99299,8.4525,4.52348,-6.92223,12.2475,3.45744,-7.5377,12.2475,4.52348,-5.57395,7.21911e-15,0.489344,-4.43228,2.45,1.55373,-3.74769,7.21911e-15,1.44382e-14,-4.04117,2.45,1.44893,-2.32587,2.45,3.11527,-2.43793,2.45,2.69705,-3.1825,2.45,2.8678,-4.04117,2.45,1.44893,-3.75038,2.45,2.8678,-4.32024,2.45,1.88078,-4.43228,2.45,1.55373,-4.49578,2.45,1.88078,-3.74769,7.21911e-15,1.44382e-14,-4.04117,2.45,1.44893,-1.27438,7.21911e-15,1.92547,-2.43793,2.45,2.69705,-1.27438,7.21911e-15,1.92547,-2.43793,2.45,2.69705,-0.99691,7.21911e-15,2.96102,-2.32587,2.45,3.11527,-7.02857,3.4425,7.87789,-7.40117,3.4425,8.88764,-6.35,2.04122,7.99634,-5.92652,3.60956e-15,9.69998,-6.28492,0,10.6713,-5.57395,7.21911e-15,0.489344,-5.80388,5.41434e-15,1.67368,-4.43228,2.45,1.55373,-4.49578,2.45,1.88078,-5.80641,4.45074,7.79266,-6.35,2.04122,7.99634,-5.01174,4.45074,9.16908,-5.92652,3.60956e-15,9.69998,-5.62239,7.21911e-15,10.2268,-3.08908,6.272,5.18322,-3.19689,4.45074,5.67785,-2.45083,6.272,6.02717,-2.64204,4.45074,6.41152,-6.35,2.04122,7.99634,-5.80641,4.45074,7.79266,-7.02857,3.4425,7.87789,-7.53818,8.4525,7.4544,-7.78267,3.4425,7.87789,-4.61317,8.4525,7.4544,-4.41788,4.45074,7.79266,-2.26141,4.45074,6.41152,-1.75494,4.45074,7.28876,-1.5783,2.72676,6.77533,-0.533638,7.21911e-15,7.28876,-0.888664,7.21911e-15,6.67384,-4.32024,2.45,1.88078,-4.61317,8.4525,2.38815,-3.75038,2.45,2.8678,-3.65775,6.272,3.67437,-3.15068,8.4525,4.92128,-2.93785,6.272,4.92128,-1.75494,4.45074,7.28876,-2.26141,4.45074,6.41152,-2.84054,4.45074,9.16908,-2.64204,4.45074,6.41152,-3.19689,4.45074,5.67785,-5.01174,4.45074,9.16908,-4.41788,4.45074,7.79266,-5.80641,4.45074,7.79266,-1.3236,6.272,4.54535,-2.04592,6.272,6.02717,0,7.21911e-15,4.85077,-0.888664,7.21911e-15,6.67384,-1.5783,2.72676,6.77533,-10.2889,0,6.49361,-9.58152,0,10.3442,-8.53713,3.4425,6.81624,-8.1706,3.4425,8.8113,-2.22989,7.21911e-15,10.2268,-2.84054,4.45074,9.16908,-5.62239,7.21911e-15,10.2268,-5.01174,4.45074,9.16908,-6.28492,0,10.6713,-7.40117,3.4425,8.88764,-9.58152,0,10.3442,-8.1706,3.4425,8.8113,-9.58152,0,10.3442,-10.2889,0,6.49361,-9.58596,1.80478e-15,5.33649,-9.3735,7.21911e-15,0.113481,-6.92351,7.21911e-15,0.113481,-6.28492,0,10.6713,-6.23033,3.60956e-15,1.67368,-5.92652,3.60956e-15,9.69998,-5.80388,5.41434e-15,1.67368,-5.62239,7.21911e-15,10.2268,-5.57395,7.21911e-15,0.489344,-3.74769,7.21911e-15,1.44382e-14,-2.22989,7.21911e-15,10.2268,-1.27438,7.21911e-15,1.92547,-0.99691,7.21911e-15,2.96102,-0.888664,7.21911e-15,6.67384,-0.533638,7.21911e-15,7.28876,-9.74757,1.80478e-15,4.786,-9.82568,0,4.92128,0,7.21911e-15,3.24902,0,7.21911e-15,4.85077,-10.5985,7.21911e-15,2.87071,-1.75494,4.45074,7.28876,-2.84054,4.45074,9.16908,-0.533638,7.21911e-15,7.28876,-2.22989,7.21911e-15,10.2268,-6.6302,2.4,1.87655,-7.16851,2.4,0.664927,-7.19187,2.4,1.87655,-7.44935,2.4,1.29704,-9.12851,2.4,0.664927,-8.84767,2.4,1.29704,-9.54683,2.4,2.87071,-10.1085,2.4,2.87071,-9.36879,2.4,4.53566,-9.05137,2.4,3.98588,-7.35616,5.1,2.10478,-7.58218,5.1,1.59604,-7.70178,5.1,2.10478,-8.71483,5.1,1.59604,-8.78663,5.1,3.98378,-9.28115,5.1,2.87071,-9.54683,2.4,2.87071,-9.05137,2.4,3.98588,-9.28115,5.1,2.87071,-8.78663,5.1,3.98378,-9.3735,7.21911e-15,0.113481,-9.12851,2.4,0.664927,-6.92351,7.21911e-15,0.113481,-7.16851,2.4,0.664927,-8.84767,2.4,1.29704,-8.71483,5.1,1.59604,-7.44935,2.4,1.29704,-7.58218,5.1,1.59604,-8.84767,2.4,1.29704,-9.54683,2.4,2.87071,-8.71483,5.1,1.59604,-9.28115,5.1,2.87071,-9.3735,7.21911e-15,0.113481,-10.5985,7.21911e-15,2.87071,-9.12851,2.4,0.664927,-10.1085,2.4,2.87071,-1.5783,2.72676,6.77533,-2.04592,6.272,6.02717,-2.26141,4.45074,6.41152,-2.64204,4.45074,6.41152,-2.45083,6.272,6.02717,0,7.21911e-15,3.24902,-1.3236,6.272,4.24437,0,7.21911e-15,4.85077,-1.3236,6.272,4.54535,-6.92351,7.21911e-15,0.113481,-7.16851,2.4,0.664927,-6.23033,3.60956e-15,1.67368,-6.6302,2.4,1.87655,-7.19187,2.4,1.87655,-7.35616,5.1,2.10478,-6.6302,2.4,1.87655,-4.49578,2.45,1.88078,-4.32024,2.45,1.88078,-4.61317,8.4525,2.38815,-7.70178,5.1,2.10478,-7.53818,8.4525,2.38815,-5.80388,5.41434e-15,1.67368,-6.23033,3.60956e-15,1.67368,-7.70178,5.1,2.10478,-8.78663,5.1,3.98378,-7.53818,8.4525,2.38815,-9.00068,8.4525,4.92128,-9.05137,2.4,3.98588,-9.36879,2.4,4.53566,-9.74757,1.80478e-15,4.786,-9.82568,0,4.92128,-3.75038,2.45,2.8678,-3.65775,6.272,3.67437,-3.1825,2.45,2.8678,-3.29667,6.272,3.67437,-9.58596,1.80478e-15,5.33649,-10.2889,0,6.49361,-8.46457,3.4425,6.6968,-8.53713,3.4425,6.81624,-7.02857,3.4425,7.87789,-7.78267,3.4425,7.87789,-7.40117,3.4425,8.88764,-8.1706,3.4425,8.8113,-8.46457,3.4425,6.6968,-8.53713,3.4425,6.81624,-10.1085,2.4,2.87071,-10.5985,7.21911e-15,2.87071,-9.36879,2.4,4.53566,-9.74757,1.80478e-15,4.786,-1.3236,6.272,4.24437,-3.29667,6.272,3.67437,-1.3236,6.272,4.54535,-2.04592,6.272,6.02717,-2.45083,6.272,6.02717,-2.93785,6.272,4.92128,-3.65775,6.272,3.67437,-3.08908,6.272,5.18322,-7.44935,2.4,1.29704,-7.58218,5.1,1.59604,-7.19187,2.4,1.87655,-7.35616,5.1,2.10478,-3.1825,2.45,2.8678,-3.29667,6.272,3.67437,-2.32587,2.45,3.11527,-1.3236,6.272,4.24437,0,7.21911e-15,3.24902,-0.99691,7.21911e-15,2.96102]},"normal":{"type":"float32","components":3,