{"model":{"version":3,"nodes":[{"name":"RootNode","position":[0,0,0],"rotation":[0,0,0],"scale":[1,1,1],"scaleCompensation":false},{"name":"blockDirt","position":[0,0,0],"rotation":[0,0,0],"scale":[1,1,1],"scaleCompensation":false}],"parents":[-1,0],"skins":[],"morphs":[],"vertices":[{"position":{"type":"float32","components":3,"data":[-4.67799e-12,10,-5.0606e-12,0,10,10,0,0,0,0,0,10,0,0,10,-10,0,10,0,0,0,-10,0,0,0,10,10,-4.67799e-12,10,-5.0606e-12,-10,10,10,-10,10,7.21911e-15,0,0,10,0,10,10,-10,0,10,-10,10,10,-10,0,0,-10,10,7.21911e-15,0,0,0,-4.67799e-12,10,-5.0606e-12,-10,0,0,-10,0,10,-10,10,7.21911e-15,-10,10,10]},"normal":{"type":"float32","components":3,"data":[1,0,0,1,0,0,1,0,0,1,0,0,0,-1,0,0,-1,0,0,-1,0,0,-1,0,0,1,0,0,1,0,0,1,0,0,1,0,0,0,1,0,0,1,0,0,1,0,0,1,0,0,-1,0,0,-1,0,0,-1,0,0,-1,-1,0,0,-1,0,0,-1,0,0,-1,0,0]},"texCoord0":{"type":"float32","components":2,"data":[1.99236e-11,39.3701,-39.3701,39.3701,0,0,-39.3701,2.15389e-24,0,39.3701,-39.3701,39.3701,0,0,-39.3701,0,0,39.3701,1.84173e-11,-1.99236e-11,39.3701,39.3701,39.3701,2.84217e-14,-9.97602e-12,-9.97602e-12,-9.97602e-12,39.3701,-39.3701,-9.97602e-12,-39.3701,39.3701,39.3701,2.51704e-24,39.3701,39.3701,0,0,1.84173e-11,39.3701,1.90425e-12,-1.9611e-12,39.3701,-1.9611e-12,1.93268e-12,39.3701,39.3701,39.3701]}}],"meshes":[{"aabb":{"min":[-10,0,-5.0606e-12],"max":[0,10,10]},"vertices":0,"indices":[0,1,2,3,2,1,4,5,6,7,6,5,8,9,10,11,10,9,12,13,14,15,14,13,16,17,18,19,18,17,20,21,22,23,22,21],"type":"triangles","base":0,"count":36}],"meshInstances":[{"node":1,"mesh":0}]}}