{"model":{"version":3,"nodes":[{"name":"RootNode","position":[0,0,0],"rotation":[0,0,0],"scale":[1,1,1],"scaleCompensation":false},{"name":"jewel","position":[0,0,0],"rotation":[0,0,0],"scale":[1,1,1],"scaleCompensation":false},{"name":"jewel","position":[-5,1.85241,5],"rotation":[0,0,0],"scale":[1,1,1],"scaleCompensation":false}],"parents":[-1,0,1],"skins":[],"morphs":[],"vertices":[{"position":{"type":"float32","components":3,"data":[-0.8322,6.76792e-16,-1.44141,0.8322,6.76792e-16,-1.44141,0,-1.85241,0,-1.6644,6.76792e-16,0,-0.8322,6.76792e-16,1.44141,0,1.85241,0,-1.6644,6.76792e-16,0,0,1.85241,0,-0.8322,6.76792e-16,-1.44141,0,-1.85241,0,-1.6644,6.76792e-16,0,-0.8322,6.76792e-16,-1.44141,1.6644,6.76792e-16,0,0,-1.85241,0,0.8322,6.76792e-16,-1.44141,-0.8322,6.76792e-16,-1.44141,0,1.85241,0,0.8322,6.76792e-16,-1.44141,0,1.85241,0,0.8322,6.76792e-16,1.44141,1.6644,6.76792e-16,0,0,1.85241,0,1.6644,6.76792e-16,0,0.8322,6.76792e-16,-1.44141,0.8322,6.76792e-16,1.44141,0,1.85241,0,-0.8322,6.76792e-16,1.44141,1.6644,6.76792e-16,0,0.8322,6.76792e-16,1.44141,0,-1.85241,0,0.8322,6.76792e-16,1.44141,-0.8322,6.76792e-16,1.44141,0,-1.85241,0,0,-1.85241,0,-0.8322,6.76792e-16,1.44141,-1.6644,6.76792e-16,0]},"normal":{"type":"float32","components":3,"data":[0,-0.614113,-0.789218,0,-0.614113,-0.789218,0,-0.614113,-0.789218,-0.683483,0.614113,0.394609,-0.683483,0.614113,0.394609,-0.683483,0.614113,0.394609,-0.683483,0.614113,-0.394609,-0.683483,0.614113,-0.394609,-0.683483,0.614113,-0.394609,-0.683483,-0.614113,-0.394609,-0.683483,-0.614113,-0.394609,-0.683483,-0.614113,-0.394609,0.683483,-0.614113,-0.394609,0.683483,-0.614113,-0.394609,0.683483,-0.614113,-0.394609,0,0.614113,-0.789218,0,0.614113,-0.789218,0,0.614113,-0.789218,0.683483,0.614113,0.394609,0.683483,0.614113,0.394609,0.683483,0.614113,0.394609,0.683483,0.614113,-0.394609,0.683483,0.614113,-0.394609,0.683483,0.614113,-0.394609,0,0.614113,0.789218,0,0.614113,0.789218,0,0.614113,0.789218,0.683483,-0.614113,0.394609,0.683483,-0.614113,0.394609,0.683483,-0.614113,0.394609,0,-0.614113,0.789218,0,-0.614113,0.789218,0,-0.614113,0.789218,-0.683483,-0.614113,0.394609,-0.683483,-0.614113,0.394609,-0.683483,-0.614113,0.394609]},"texCoord0":{"type":"float32","components":2,"data":[3.27638,3.485,-3.27638,3.485,-3.9443e-31,-5.75573,-3.27638,-3.485,3.27638,-3.485,2.22045e-16,5.75573,3.27638,-3.485,0,5.75573,-3.27638,-3.485,2.22045e-16,-5.75573,3.27638,3.485,-3.27638,3.485,-3.27638,3.485,-2.22045e-16,-5.75573,3.27638,3.485,3.27638,-3.485,-3.9443e-31,5.75573,-3.27638,-3.485,2.22045e-16,5.75573,-3.27638,-3.485,3.27638,-3.485,0,5.75573,-3.27638,-3.485,3.27638,-3.485,3.27638,-3.485,0,5.75573,-3.27638,-3.485,3.27638,3.485,-3.27638,3.485,2.22045e-16,-5.75573,3.27638,3.485,-3.27638,3.485,0,-5.75573,0,-5.75573,3.27638,3.485,-3.27638,3.485]}}],"meshes":[{"aabb":{"min":[-1.6644,-1.85241,-1.44141],"max":[1.6644,1.85241,1.44141]},"vertices":0,"indices":[0,1,2,3,4,5,6,7,8,9,10,11,12,13,14,15,16,17,18,19,20,21,22,23,24,25,26,27,28,29,30,31,32,33,34,35],"type":"triangles","base":0,"count":36}],"meshInstances":[{"node":2,"mesh":0}]}}