{"model":{"version":3,"nodes":[{"name":"RootNode","position":[0,0,0],"rotation":[0,0,0],"scale":[1,1,1],"scaleCompensation":false},{"name":"flag","position":[0,0,0],"rotation":[0,0,0],"scale":[1,1,1],"scaleCompensation":false}],"parents":[-1,0],"skins":[],"morphs":[],"vertices":[{"position":{"type":"float32","components":3,"data":[-4.65,0,4.65,-4.7445,9,4.7445,-4.65,0,5.35,-4.7445,9,5.2555,-4.7445,9,4.7445,-4.65,0,4.65,-4.65,0,5.35,-4.7445,9,5.2555,-4.7445,9,5.2555,-4.7445,9,4.7445,-5.2555,9,5.2555,-5.2555,9,4.7445,-4.7445,9,4.7445,-4.7445,9,5.2555,-5.2555,9,5.2555,-5.2555,9,4.7445,-4.65,0,5.35,-5.35,0,5.35,-4.65,0,4.65,-5.35,0,4.65,-5.35,0,5.35,-4.65,0,5.35,-4.65,0,4.65,-5.35,0,4.65,-5.35,0,4.65,-5.2555,9,4.7445,-4.65,0,4.65,-4.7445,9,4.7445,-5.2555,9,4.7445,-5.35,0,4.65,-4.65,0,4.65,-4.7445,9,4.7445,-5.35,0,4.65,-5.35,0,5.35,-5.2555,9,4.7445,-5.2555,9,5.2555,-5.35,0,5.35,-5.35,0,4.65,-5.2555,9,4.7445,-5.2555,9,5.2555,-4.65,0,5.35,-4.7445,9,5.2555,-5.35,0,5.35,-5.2555,9,5.2555,-4.7445,9,5.2555,-4.65,0,5.35,-5.35,0,5.35,-5.2555,9,5.2555,-5.39539,8.7,7.55671,-5.40405,8.7,7.7055,-5.39539,5.89717,7.55671,-5.40405,5.89717,7.7055,-5.40405,8.7,7.7055,-5.39539,8.7,7.55671,-5.39539,5.89717,7.55671,-5.40405,5.89717,7.7055,-5.3695,8.7,7.40916,-5.39539,8.7,7.55671,-5.3695,5.89717,7.40916,-5.39539,5.89717,7.55671,-5.39539,8.7,7.55671,-5.3695,8.7,7.40916,-5.3695,5.89717,7.40916,-5.39539,5.89717,7.55671,-4.8305,8.7,6.30184,-4.87341,8.7,6.44693,-4.8305,5.89717,6.30184,-4.87341,5.89717,6.44693,-4.87341,8.7,6.44693,-4.8305,8.7,6.30184,-4.8305,5.89717,6.30184,-4.87341,5.89717,6.44693,-5.40405,8.7,7.7055,-5.39539,8.7,7.85429,-5.40405,5.89717,7.7055,-5.39539,5.89717,7.85429,-5.39539,8.7,7.85429,-5.40405,8.7,7.7055,-5.40405,5.89717,7.7055,-5.39539,5.89717,7.85429,-5.19128,8.7,8.42491,-5.1,8.7,8.5555,-5.19128,5.89717,8.42491,-5.1,5.89717,8.5555,-5.1,8.7,8.5555,-5.19128,8.7,8.42491,-5.19128,5.89717,8.42491,-5.1,5.89717,8.5555,-4.80461,8.7,5.85671,-4.79596,8.7,6.0055,-4.80461,5.89717,5.85671,-4.79596,5.89717,6.0055,-4.79596,8.7,6.0055,-4.80461,8.7,5.85671,-4.80461,5.89717,5.85671,-4.79596,5.89717,6.0055,-5.26702,8.7,8.28834,-5.19128,8.7,8.42491,-5.26702,5.89717,8.28834,-5.19128,5.89717,8.42491,-5.19128,8.7,8.42491,-5.26702,8.7,8.28834,-5.26702,5.89717,8.28834,-5.19128,5.89717,8.42491,-4.80461,8.7,6.15429,-4.8305,8.7,6.30184,-4.80461,5.89717,6.15429,-4.8305,5.89717,6.30184,-4.8305,8.7,6.30184,-4.80461,8.7,6.15429,-4.80461,5.89717,6.15429,-4.8305,5.89717,6.30184,-5.00872,8.7,5.28609,-4.93298,8.7,5.42266,-5.00872,6.08689,5.28609,-5.00762,5.89717,5.28808,-4.93298,5.89717,5.42266,-4.93298,8.7,5.42266,-5.00872,8.7,5.28609,-5.00872,6.08689,5.28609,-5.00762,5.89717,5.28808,-4.93298,5.89717,5.42266,-5.00872,8.7,5.28609,-5.00872,6.08689,5.28609,-5.0279,8.7,5.25865,-5.00872,6.08689,5.28609,-5.00872,8.7,5.28609,-5.0279,8.7,5.25865,-5.32659,8.7,7.26407,-5.3695,8.7,7.40916,-5.32659,5.89717,7.26407,-5.3695,5.89717,7.40916,-5.3695,8.7,7.40916,-5.32659,8.7,7.26407,-5.32659,5.89717,7.26407,-5.3695,5.89717,7.40916,-5.19128,8.7,6.98609,-5.26702,8.7,7.12266,-5.19128,5.89717,6.98609,-5.26702,5.89717,7.12266,-5.26702,8.7,7.12266,-5.19128,8.7,6.98609,-5.19128,5.89717,6.98609,-5.26702,5.89717,7.12266,-4.87341,8.7,5.56407,-4.8305,8.7,5.70916,-4.87341,5.89717,5.56407,-4.8305,5.89717,5.70916,-4.8305,8.7,5.70916,-4.87341,8.7,5.56407,-4.87341,5.89717,5.56407,-4.8305,5.89717,5.70916,-5.39539,8.7,7.85429,-5.3695,8.7,8.00184,-5.39539,5.89717,7.85429,-5.3695,5.89717,8.00184,-5.3695,8.7,8.00184,-5.39539,8.7,7.85429,-5.39539,5.89717,7.85429,-5.3695,5.89717,8.00184,-4.93298,8.7,6.58834,-5.00872,8.7,6.72491,-4.93298,5.89717,6.58834,-5.00872,5.89717,6.72491,-5.00872,8.7,6.72491,-4.93298,8.7,6.58834,-4.93298,5.89717,6.58834,-5.00872,5.89717,6.72491,-4.93298,8.7,5.42266,-4.87341,8.7,5.56407,-4.93298,5.89717,5.42266,-4.87341,5.89717,5.56407,-4.87341,8.7,5.56407,-4.93298,8.7,5.42266,-4.93298,5.89717,5.42266,-4.87341,5.89717,5.56407,-5.26702,8.7,7.12266,-5.32659,8.7,7.26407,-5.26702,5.89717,7.12266,-5.32659,5.89717,7.26407,-5.32659,8.7,7.26407,-5.26702,8.7,7.12266,-5.26702,5.89717,7.12266,-5.32659,5.89717,7.26407,-4.8305,8.7,5.70916,-4.80461,8.7,5.85671,-4.8305,5.89717,5.70916,-4.80461,5.89717,5.85671,-4.80461,8.7,5.85671,-4.8305,8.7,5.70916,-4.8305,5.89717,5.70916,-4.80461,5.89717,5.85671,-5.3695,8.7,8.00184,-5.32659,8.7,8.14693,-5.3695,5.89717,8.00184,-5.32659,5.89717,8.14693,-5.32659,8.7,8.14693,-5.3695,8.7,8.00184,-5.3695,5.89717,8.00184,-5.32659,5.89717,8.14693,-4.87341,8.7,6.44693,-4.93298,8.7,6.58834,-4.87341,5.89717,6.44693,-4.93298,5.89717,6.58834,-4.93298,8.7,6.58834,-4.87341,8.7,6.44693,-4.87341,5.89717,6.44693,-4.93298,5.89717,6.58834,-4.79596,8.7,6.0055,-4.80461,8.7,6.15429,-4.79596,5.89717,6.0055,-4.80461,5.89717,6.15429,-4.80461,8.7,6.15429,-4.79596,8.7,6.0055,-4.79596,5.89717,6.0055,-4.80461,5.89717,6.15429,-5.32659,8.7,8.14693,-5.26702,8.7,8.28834,-5.32659,5.89717,8.14693,-5.26702,5.89717,8.28834,-5.26702,8.7,8.28834,-5.32659,8.7,8.14693,-5.32659,5.89717,8.14693,-5.26702,5.89717,8.28834,-5.00872,8.7,6.72491,-5.1,8.7,6.8555,-5.00872,5.89717,6.72491,-5.1,5.89717,6.8555,-5.19128,8.7,6.98609,-5.19128,5.89717,6.98609,-5.1,8.7,6.8555,-5.00872,8.7,6.72491,-5.00872,5.89717,6.72491,-5.1,5.89717,6.8555,-5.19128,8.7,6.98609,-5.19128,5.89717,6.98609]},"normal":{"type":"float32","components":3,