{"model":{"version":3,"nodes":[{"name":"RootNode","position":[0,0,0],"rotation":[0,0,0],"scale":[1,1,1],"scaleCompensation":false},{"name":"blockHexagonLow","position":[0,0,0],"rotation":[0,0,0],"scale":[1,1,1],"scaleCompensation":false}],"parents":[-1,0],"skins":[],"morphs":[],"vertices":[{"position":{"type":"float32","components":3,"data":[-1,4.26959,2.6906,-5,4.26959,0.381198,-1,4.26959,7.3094,-5,4.26959,9.6188,-9,4.26959,2.6906,-9,4.26959,7.3094,-0.967888,2.4263,8.51972,-0.633944,3.00153,7.94343,-1.63394,3.00153,8.52078,-1,4.26959,7.3094,-2.63394,3.00153,9.09813,-3.63394,3.00153,9.67548,-4.63394,3.00153,10.2528,-5,4.26959,9.6188,-3.96789,2.4263,10.2518,-2.96789,2.4263,9.67442,-1.96789,2.4263,9.09707,-1,4.26959,2.6906,-1,4.26959,7.3094,-0.267888,3.00153,2.6906,-0.267888,3.00153,3.8453,0.064224,2.4263,3.26795,-0.267888,3.00153,5,0.064224,2.4263,4.42265,0.064224,2.4263,5.57735,-0.267888,3.00153,6.1547,0.064224,2.4263,6.73205,-0.267888,3.00153,7.3094,-9.73211,3.00153,2.6906,-10.0642,2.4263,3.26795,-9,4.26959,2.6906,-9.73211,3.00153,3.8453,-9,4.26959,7.3094,-9.73211,3.00153,5,-10.0642,2.4263,4.42265,-10.0642,2.4263,5.57735,-9.73211,3.00153,6.1547,-10.0642,2.4263,6.73205,-9.73211,3.00153,7.3094,-3.96789,2.4263,-0.251772,-4.63394,3.00153,-0.25283,-3.63394,3.00153,0.32452,-5,4.26959,0.381198,-2.63394,3.00153,0.901871,-1.63394,3.00153,1.47922,-0.633944,3.00153,2.05657,-1,4.26959,2.6906,-0.967888,2.4263,1.48028,-1.96789,2.4263,0.902928,-2.96789,2.4263,0.325578,-9.03211,2.4263,1.48028,-9.36606,3.00153,2.05657,-8.36606,3.00153,1.47922,-9,4.26959,2.6906,-7.36606,3.00153,0.901871,-6.36606,3.00153,0.32452,-5.36606,3.00153,-0.25283,-5,4.26959,0.381198,-6.03211,2.4263,-0.251772,-7.03211,2.4263,0.325578,-8.03211,2.4263,0.902928,-6.03211,2.4263,10.2518,-5.36606,3.00153,10.2528,-6.36606,3.00153,9.67548,-5,4.26959,9.6188,-7.36606,3.00153,9.09813,-8.36606,3.00153,8.52078,-9.36606,3.00153,7.94343,-9,4.26959,7.3094,-9.03211,2.4263,8.51972,-8.03211,2.4263,9.09707,-7.03211,2.4263,9.67442,-9.73211,3.00153,7.3094,-9.36606,3.00153,7.94343,-9,4.26959,7.3094,-4.63394,3.00153,10.2528,-5,4.26959,9.6188,-5.36606,3.00153,10.2528,-9.73211,3.00153,2.6906,-9,4.26959,2.6906,-9.36606,3.00153,2.05657,-1,4.26959,7.3094,-0.633944,3.00153,7.94343,-0.267888,3.00153,7.3094,-1,4.26959,2.6906,-0.267888,3.00153,2.6906,-0.633944,3.00153,2.05657,-5.36606,3.00153,-0.25283,-5,4.26959,0.381198,-4.63394,3.00153,-0.25283,-9.81799e-13,0,7.88675,-3.66025,0,10,-9.81799e-13,0,2.11325,-3.66025,0,0,-5,0,-0.773503,-5,0,10.7735,-6.33975,0,10,-6.33975,0,0,-10,0,7.88675,-10,0,2.11325,-5,0,10.7735,-5,4.26959,9.6188,-6.33975,0,10,-10,0,7.88675,-9,4.26959,7.3094,-5,0,-0.773503,-5,4.26959,0.381198,-3.66025,0,0,-9.81799e-13,0,2.11325,-1,4.26959,2.6906,-10,0,2.11325,-9,4.26959,2.6906,-6.33975,0,0,-5,0,-0.773503,-5,4.26959,0.381198,-10,0,2.11325,-10,0,7.88675,-9,4.26959,2.6906,-9,4.26959,7.3094,-9.81799e-13,0,2.11325,-1,4.26959,2.6906,-9.81799e-13,0,7.88675,-1,4.26959,7.3094,-9.81799e-13,0,7.88675,-1,4.26959,7.3094,-3.66025,0,10,-5,0,10.7735,-5,4.26959,9.6188]},"normal":{"type":"float32","components":3,"data":[0,1,0,0,1,0,0,1,0,0,1,0,0,1,0,0,1,0,0.433013,0.5,0.75,0.433013,0.5,0.75,0.433013,0.5,0.75,0.433013,0.5,0.75,0.433013,0.5,0.75,0.433013,0.5,0.75,0.433013,0.5,0.75,0.433013,0.5,0.75,0.433013,0.5,0.75,0.433013,0.5,0.75,0.433013,0.5,0.75,0.866025,0.5,0,0.866025,0.5,0,0.866025,0.5,0,0.866025,0.5,0,0.866025,0.5,0,0.866025,0.5,0,0.866025,0.5,0,0.866025,0.5,0,0.866025,0.5,0,0.866025,0.5,0,0.866025,0.5,0,-0.866025,0.5,0,-0.866025,0.5,0,-0.866025,0.5,0,-0.866025,0.5,0,-0.866025,0.5,0,-0.866025,0.5,0,-0.866025,0.5,0,-0.866025,0.5,0,-0.866025,0.5,0,-0.866025,0.5,0,-0.866025,0.5,0,0.433013,0.5,-0.75,0.433013,0.5,-0.75,0.433013,0.5,-0.75,0.433013,0.5,-0.75,0.433013,0.5,-0.75,0.433013,0.5,-0.75,0.433013,0.5,-0.75,0.433013,0.5,-0.75,0.433013,0.5,-0.75,0.433013,0.5,-0.75,0.433013,0.5,-0.75,-0.433013,0.5,-0.75,-0.433013,0.5,-0.75,-0.433013,0.5,-0.75,-0.433013,0.5,-0.75,-0.433013,0.5,-0.75,-0.433013,0.5,-0.75,-0.433013,0.5,-0.75,-0.433013,0.5,-0.75,-0.433013,0.5,-0.75,-0.433013,0.5,-0.75,-0.433013,0.5,-0.75,-0.433013,0.5,0.75,-0.433013,0.5,0.75,-0.433013,0.5,0.75,-0.433013,0.5,0.75,-0.433013,0.5,0.75,-0.433013,0.5,0.75,-0.433013,0.5,0.75,-0.433013,0.5,0.75,-0.433013,0.5,0.75,-0.433013,0.5,0.75,-0.433013,0.5,0.75,-0.774597,0.447214,0.447214,-0.774597,0.447214,0.447214,-0.774597,0.447214,0.447214,0,0.447214,0.894427,0,0.447214,0.894427,0,0.447214,0.894427,-0.774597,0.447214,-0.447214,-0.774597,0.447214,-0.447214,-0.774597,0.447214,-0.447214,0.774597,0.447214,0.447214,0.774597,0.447214,0.447214,0.774597,0.447214,0.447214,0.774597,0.447214,-0.447214,0.774597,0.447214,-0.447214,0.774597,0.447214,-0.447214,0,0.447214,-0.894427,0,0.447214,-0.894427,0,0.447214,-0.894427,0,-1,0,0,-1,0,0,-1,0,0,-1,0,0,-1,0,0,-1,0,0,-1,0,0,-1,0,0,-1,0,0,-1,0,-0.486825,0.228043,0.843207,-0.486825,0.228043,0.843207,-0.486825,0.228043,0.843207,-0.486825,0.228043,0.843207,-0.486825,0.228043,0.843207,0.486825,0.228043,-0.843207,0.486825,0.228043,-0.843207,0.486825,0.228043,-0.843207,0.486825,0.228043,-0.843207,0.486825,0.228043,-0.843207,-0.486825,0.228043,-0.843207,-0.486825,0.228043,-0.843207,-0.486825,0.228043,-0.843207,-0.486825,0.228043,-0.843207,-0.486825,0.228043,-0.843207,-0.973651,0.228043,0,-0.973651,0.228043,0,-0.973651,0.228043,0,-0.973651,0.228043,0,0.973651,0.228043,0,0.973651,0.228043,0,0.973651,0.228043,0,0.973651,0.228043,0,0.486825,0.228043,0.843207,0.486825,0.228043,0.843207,0.486825,0.228043,0.843207,0.486825,0.228043,0.843207,0.486825,0.228043,0.843207]},"texCoord0":{"type":"float32","components":2,"data":[3.93701,10.5929,19.685,1.50078,3.93701,28.7772,19.685,37.8693,35.4331,10.5929,35.4331,28.7772,-20.0712,-5.29897,-17.7981,-2.68392,-22.3442,-2.68392,-17.7981,3.08074,-26.8903,-2.68392,-31.4363,-2.68392,-35.9824,-2.68392,-35.9824,3.08074,-33.7094,-5.29897,-29.1633,-5.29897,-24.6172,-5.29897,-10.5929,16.5259,-28.7772,16.5259,-10.5929,10.7612,-15.139,10.7612,-12.8659,8.14616,-19.685,10.7612,-17.412,8.14616,-21.9581,8.14616,-24.2311,10.7612,-26.5041,8.14616,-28.7772,10.7612,10.5929,-8.92383,12.8659,-11.5389,10.5929,-3.15916,15.139,-8.92383,28.7772,-3.15916,19.685,-8.92383,17.412,-11.5389,21.9581,-11.5389,24.2311,-8.92383,26.5041,-11.5389,28.7772,-8.92383,14.0243,11.7488,16.2974,14.3638,11.7513,14.3638,16.2974,20.1285,7.20522,14.3638,2.65916,14.3638,-1.88691,14.3638,-1.88691,20.1285,0.386127,11.7488,4.93219,11.7488,9.47826,11.7488,33.7094,1.90625,35.9824,4.52131,31.4363,4.52131,35.9824,10.286,26.8903,4.52131,22.3442,4.52131,17.7981,4.52131,17.7981,10.286,20.0712,1.90625,24.6172,1.90625,29.1633,1.90625,-0.386127,-15.1415,1.88691,-12.5264,-2.65916,-12.5264,1.88691,-6.76178,-7.20522,-12.5264,-11.7513,-12.5264,-16.2974,-12.5264,-16.2974,-6.76178,-14.0243,-15.1415,-9.47826,-15.1415,-4.93219,-15.1415,5.76406,-10.7048,8.64639,-10.7048,7.20522,-5.12315,-18.2439,-7.48249,-19.685,-1.90088,-21.1262,-7.48249,28.3314,-1.90134,26.8903,3.68026,25.4491,-1.90134,-26.8903,10.1248,-28.3314,4.5432,-25.4491,4.5432,-7.20522,18.9282,-8.64639,13.3466,-5.76406,13.3466,21.1262,10.1243,19.685,15.706,18.2439,10.1243,-3.86535e-12,31.0502,-14.4104,39.3701,-3.86535e-12,8.31988,-14.4104,0,-19.685,-3.04529,-19.685,42.4154,-24.9596,39.3701,-24.9596,0,-39.3701,31.0502,-39.3701,8.31988,4.15994,-10.6212,1.88691,6.64312,-1.93063,-10.6212,-18.5704,-10.6212,-16.2974,6.64312,18.5704,1.6431,16.2974,18.9074,12.4798,1.6431,-4.15994,1.6431,-1.88691,18.9074,38.2554,-2.84594,35.9824,14.4184,21.6157,-2.84594,15.5251,-2.84594,17.7981,14.4184,8.31988,-8.97808,31.0502,-8.97808,10.5929,8.28622,28.7772,8.28622,-8.31988,8.81474e-13,-10.5929,17.2643,-31.0502,8.8149e-13,-28.7772,17.2643,-15.5251,-6.13214,-17.7981,11.1322,-32.1649,-6.13214,-38.2554,-6.13214,-35.9824,11.1322]}}],"meshes":[{"aabb":{"min":[-10.0642,0,-0.773503],"max":[0.064224,4.26959,10.7735]},"vertices":0,