{"model":{"version":3,"nodes":[{"name":"RootNode","position":[0,0,0],"rotation":[0,0,0],"scale":[1,1,1],"scaleCompensation":false},{"name":"blockCliffCorner","position":[0,0,0],"rotation":[0,0,0],"scale":[1,1,1],"scaleCompensation":false}],"parents":[-1,0],"skins":[],"morphs":[],"vertices":[{"position":{"type":"float32","components":3,"data":[7.03864e-14,10,2.88765e-14,3.78462e-12,10,10,7.03864e-14,-1.19361e-32,5.77529e-14,5.06421e-12,2.5,5,7.03864e-14,-1.19361e-32,5.77529e-14,-5,2.5,-1.08287e-13,7.03864e-14,10,2.88765e-14,-10,10,-9.99847e-13,5.06421e-12,2.5,5,-5,2.5,-1.08287e-13,7.03864e-14,-1.19361e-32,5.77529e-14,5.06421e-12,2.5,5,3.78462e-12,10,10,-5,2.5,-1.08287e-13,-10,10,-9.99847e-13,-9.16667,7.69589,-1.33028,-10,8.41493,-0.91514,-8.33333,8.41493,-0.91514,-10,10,-9.99847e-13,-6.66667,8.41493,-0.91514,-5,8.41493,-0.91514,-3.33333,8.41493,-0.91514,-1.66667,8.41493,-0.91514,-1.3636e-08,8.41493,-0.91514,7.03864e-14,10,2.88765e-14,-0.833333,7.69589,-1.33028,-2.5,7.69589,-1.33028,-4.16667,7.69589,-1.33028,-5.83333,7.69589,-1.33028,-7.5,7.69589,-1.33028,0.91514,8.41493,10,3.78462e-12,10,10,-0.647102,8.41493,10.6471,-1.3636e-08,8.41493,-0.91514,7.03864e-14,10,2.88765e-14,0.91514,8.41493,-1.36366e-08,0.91514,8.41493,-1.36366e-08,7.03864e-14,10,2.88765e-14,1.33028,7.69589,0.833333,0.91514,8.41493,1.66667,3.78462e-12,10,10,0.91514,8.41493,3.33333,1.33028,7.69589,2.5,0.91514,8.41493,5,1.33028,7.69589,4.16667,0.91514,8.41493,6.66667,1.33028,7.69589,5.83333,1.33028,7.69589,7.5,0.91514,8.41493,8.33333,1.33028,7.69589,9.16667,0.91514,8.41493,10,-10,8.41493,-0.91514,-10.6471,8.41493,0.647102,-10,10,-9.99847e-13,-10,10,-9.99847e-13,-10.6471,8.41493,0.647102,3.78462e-12,10,10,-9.3971,8.41493,1.8971,-10.3156,7.69589,1.56565,-8.1471,8.41493,3.1471,-9.06565,7.69589,2.81565,-6.8971,8.41493,4.3971,-7.81565,7.69589,4.06565,-5.6471,8.41493,5.6471,-6.56565,7.69589,5.31565,-4.3971,8.41493,6.8971,-5.31565,7.69589,6.56565,-3.1471,8.41493,8.1471,-4.06565,7.69589,7.81565,-2.81565,7.69589,9.06565,-1.8971,8.41493,9.3971,-1.56565,7.69589,10.3156,-0.647102,8.41493,10.6471,7.03864e-14,10,2.88765e-14,-10,10,-9.99847e-13,3.78462e-12,10,10]},"normal":{"type":"float32","components":3,"data":[1,0,0,1,0,0,1,0,0,1,0,0,0,0,-1,0,0,-1,0,0,-1,0,0,-1,-0.408248,-0.816497,0.408248,-0.408248,-0.816497,0.408248,-0.408248,-0.816497,0.408248,-0.639602,-0.426401,0.639602,-0.639602,-0.426401,0.639602,-0.639602,-0.426401,0.639602,-0.639602,-0.426401,0.639602,0,0.5,-0.866025,0,0.5,-0.866025,0,0.5,-0.866025,0,0.5,-0.866025,0,0.5,-0.866025,0,0.5,-0.866025,0,0.5,-0.866025,0,0.5,-0.866025,0,0.5,-0.866025,0,0.5,-0.866025,0,0.5,-0.866025,0,0.5,-0.866025,0,0.5,-0.866025,0,0.5,-0.866025,0,0.5,-0.866025,0.373672,0.215739,0.902123,0.373672,0.215739,0.902123,0.373672,0.215739,0.902123,0.654654,0.377964,-0.654654,0.654654,0.377964,-0.654654,0.654654,0.377964,-0.654654,0.866025,0.5,0,0.866025,0.5,0,0.866025,0.5,0,0.866025,0.5,0,0.866025,0.5,0,0.866025,0.5,0,0.866025,0.5,0,0.866025,0.5,0,0.866025,0.5,0,0.866025,0.5,0,0.866025,0.5,0,0.866025,0.5,0,0.866025,0.5,0,0.866025,0.5,0,0.866025,0.5,0,-0.902123,0.215739,-0.373672,-0.902123,0.215739,-0.373672,-0.902123,0.215739,-0.373672,-0.612373,0.5,0.612373,-0.612373,0.5,0.612373,-0.612373,0.5,0.612373,-0.612373,0.5,0.612373,-0.612373,0.5,0.612373,-0.612373,0.5,0.612373,-0.612373,0.5,0.612373,-0.612373,0.5,0.612373,-0.612373,0.5,0.612373,-0.612373,0.5,0.612373,-0.612373,0.5,0.612373,-0.612373,0.5,0.612373,-0.612373,0.5,0.612373,-0.612373,0.5,0.612373,-0.612373,0.5,0.612373,-0.612373,0.5,0.612373,-0.612373,0.5,0.612373,-0.612373,0.5,0.612373,-0.612373,0.5,0.612373,0,1,0,0,1,0,0,1,0]},"texCoord0":{"type":"float32","components":2,"data":[-1.13687e-13,39.3701,-39.3701,39.3701,-2.27374e-13,-4.63583e-26,-19.685,9.84252,-2.77112e-13,-4.94624e-27,19.685,9.84252,-2.77112e-13,39.3701,39.3701,39.3701,13.9194,17.0477,-13.9194,17.0477,3.56725e-13,-2.87162e-14,13.9194,14.8382,27.8389,47.4821,-13.9194,14.8382,-27.8389,47.4821,36.0892,23.6208,39.3701,26.8897,32.8084,26.8897,39.3701,34.0955,26.2467,26.8897,19.685,26.8897,13.1234,26.8897,6.56168,26.8897,1.52177e-08,26.8897,-2.77112e-13,34.0955,3.28084,23.6208,9.84252,23.6208,16.4042,23.6208,22.9659,23.6208,29.5276,23.6208,-11.7376,24.2049,-15.0663,30.5958,-18.3949,24.2049,2.54765,29.7092,-2.76336e-13,36.4496,-2.54765,29.7092,1.52179e-08,26.8897,-1.13687e-13,34.0955,-3.28084,23.6208,-6.56168,26.8897,-39.3701,34.0955,-13.1234,26.8897,-9.84252,23.6208,-19.685,26.8897,-16.4042,23.6208,-26.2467,26.8897,-22.9659,23.6208,-29.5276,23.6208,-32.8084,26.8897,-36.0892,23.6208,-39.3701,26.8897,11.7376,24.2049,18.3949,24.2049,15.0663,30.5958,-27.8389,20.1761,-27.8389,12.9702,27.8389,20.1761,-20.8791,12.9702,-24.359,9.70142,-13.9194,12.9702,-17.3993,9.70142,-6.95971,12.9702,-10.4396,9.70142,2.17781e-11,12.9702,-3.47986,9.70142,6.95971,12.9702,3.47986,9.70142,13.9194,12.9702,10.4396,9.70142,17.3993,9.70142,20.8791,12.9702,24.359,9.70142,27.8389,12.9702,-2.77112e-13,1.13687e-13,39.3701,-3.93641e-12,-1.49001e-11,39.3701]}}],"meshes":[{"aabb":{"min":[-10.6471,-1.19361e-32,-1.33028],"max":[1.33028,10,10.6471]},"vertices":0,"indices":[0,1,2,3,2,1,4,5,6,7,6,5,8,9,10,11,12,13,14,13,12],"type":"triangles","base":0,"count":21},{"aabb":{"min":[-10.6471,-1.19361e-32,-1.33028],"max":[1.33028,10,10.6471]},"vertices":0,"indices":[15,16,17,18,17,16,19,17,18,20,19,18,21,20,18,22,21,18,23,22,18,24,23,18,22,23,25,21,22,26,20,21,27,19,20,28,17,19,29,30,31,32,33,34,35,36,37,38,39,38,37,40,39,37,41,39,40,42,39,41,43,41,40,44,41,43,45,43,40,46,43,45,47,45,40,48,47,40,49,48,40,50,49,40,51,52,53,54,55,56,57,56,55,58,57,55,59,56,57,60,59,57,61,56,59,62,61,59,63,56,61,64,63,61,65,56,63,66,65,63,67,56,65,68,67,65,69,56,67,70,56,69,71,56,70,72,56,71,73,74,75],"type":"triangles","base":0,"count":141}],"meshInstances":[{"node":1,"mesh":0},{"node":1,"mesh":1}]}}