{"model":{"version":3,"nodes":[{"name":"RootNode","position":[0,0,0],"rotation":[0,0,0],"scale":[0.01,0.01,0.01],"scaleCompensation":false},{"name":"Mesh1 Group1 Model","position":[0,0,0],"rotation":[-0.17449,-0.0951517,-0.0769578],"scale":[5000,5000,5000],"scaleCompensation":false}],"parents":[-1,0],"skins":[],"morphs":[],"vertices":[{"position":{"type":"float32","components":3,"data":[-0.00463432,0.0019196,-0.0327,-0.0019196,0.00463432,-0.0327,0.00463432,0.0019196,-0.0327,0.00463432,-0.0019196,-0.0327,0.0019196,-0.00463432,-0.0327,-0.0019196,-0.00463432,-0.0327,-0.00463432,-0.0019196,-0.0327,0.0019196,0.00463432,-0.0327,0.00463432,0.0019196,-0.0327,0.00514924,0.00213289,-0.0021,0.00514924,-0.00213289,-0.0021,0.00463432,-0.0019196,-0.0327,0.00514924,-0.00213289,-0.0021,0.0019196,-0.00463432,-0.0327,0.00463432,-0.0019196,-0.0327,0.00213289,-0.00514924,-0.0021,-0.00213289,-0.00514924,-0.0021,-0.0019196,-0.00463432,-0.0327,0.00213289,-0.00514924,-0.0021,0.0019196,-0.00463432,-0.0327,0.003127,-0.00754924,-0.0021,-0.00213289,-0.00514924,-0.0021,0.00213289,-0.00514924,-0.0021,-0.003127,-0.00754924,-0.0021,-0.00514924,-0.00213289,-0.0021,-0.00754924,-0.003127,-0.0021,-0.00514924,0.00213289,-0.0021,-0.003127,0.00754924,-0.0021,-0.00754924,0.003127,-0.0021,-0.00603939,-0.0025016,0.0009,-0.00603939,0.0025016,0.0009,-0.00754924,0.003127,-0.0021,-0.00754924,-0.003127,-0.0021,-0.00603939,-0.0025016,0.0009,-0.00514924,-0.00213289,0.0009,-0.00603939,0.0025016,0.0009,-0.0025016,-0.00603939,0.0009,-0.00603939,-0.0025016,0.0009,-0.00754924,-0.003127,-0.0021,-0.0025016,-0.00603939,0.0009,-0.003127,-0.00754924,-0.0021,-0.003127,-0.00754924,-0.0021,0.003127,-0.00754924,-0.0021,0.0025016,-0.00603939,0.0009,-0.0025016,-0.00603939,0.0009,0.00603939,-0.0025016,0.0009,0.0025016,-0.00603939,0.0009,0.00754924,-0.003127,-0.0021,0.003127,-0.00754924,-0.0021,0.00514924,-0.00213289,-0.0021,0.00754924,-0.003127,-0.0021,0.00514924,0.00213289,-0.0021,0.00754924,0.003127,-0.0021,0.003127,0.00754924,-0.0021,0.00213289,0.00514924,-0.0021,-0.00213289,0.00514924,-0.0021,-0.00213289,0.00514924,-0.0021,-0.0019196,0.00463432,-0.0327,-0.00514924,0.00213289,-0.0021,-0.00463432,0.0019196,-0.0327,0.00213289,0.00514924,-0.0021,0.0019196,0.00463432,-0.0327,-0.00213289,0.00514924,-0.0021,-0.0019196,0.00463432,-0.0327,0.00514924,0.00213289,-0.0021,0.0019196,0.00463432,-0.0327,0.00213289,0.00514924,-0.0021,0.00463432,0.0019196,-0.0327,-0.00514924,0.00213289,-0.0021,-0.00463432,0.0019196,-0.0327,-0.00514924,-0.00213289,-0.0021,-0.00463432,-0.0019196,-0.0327,-0.00514924,-0.00213289,-0.0021,-0.0019196,-0.00463432,-0.0327,-0.00213289,-0.00514924,-0.0021,-0.00463432,-0.0019196,-0.0327,-0.0025016,0.00603939,0.0009,0.0025016,0.00603939,0.0009,0.003127,0.00754924,-0.0021,-0.003127,0.00754924,-0.0021,-0.0025016,0.00603939,0.0009,-0.00213289,0.00514924,0.0009,0.0025016,0.00603939,0.0009,-0.00514924,0.00213289,0.0009,-0.00514924,0.00213289,0.0009,-0.00849625,-0.00351926,0.0159,-0.00849625,0.00351926,0.0159,-0.00514924,-0.00213289,0.0009,-0.00849625,-0.00351926,0.0159,-0.00942863,-0.00390547,0.0159,-0.00849625,0.00351926,0.0159,-0.00390547,-0.00942863,0.0159,-0.00351926,-0.00849625,0.0159,-0.00849625,-0.00351926,0.0159,-0.00213289,-0.00514924,0.0009,-0.00351926,-0.00849625,0.0159,-0.00514924,-0.00213289,0.0009,-0.00213289,-0.00514924,0.0009,0.0025016,-0.00603939,0.0009,0.00213289,-0.00514924,0.0009,0.00514924,-0.00213289,0.0009,0.00603939,-0.0025016,0.0009,0.00514924,0.00213289,0.0009,0.00603939,0.0025016,0.0009,0.00213289,0.00514924,0.0009,0.00213289,0.00514924,0.0009,-0.00351926,0.00849625,0.0159,0.00351926,0.00849625,0.0159,-0.00213289,0.00514924,0.0009,-0.00351926,0.00849625,0.0159,0.00390547,0.00942863,0.0159,0.00351926,0.00849625,0.0159,-0.00390547,0.00942863,0.0159,-0.00942863,0.00390547,0.0159,-0.00942863,0.00390547,0.0159,-0.00942863,-0.00390547,0.0177,-0.00942863,0.00390547,0.0177,-0.00942863,-0.00390547,0.0159,-0.00942863,-0.00390547,0.0177,-0.00849625,-0.00351926,0.0177,-0.00942863,0.00390547,0.0177,-0.00390547,-0.00942863,0.0177,-0.00942863,-0.00390547,0.0159,-0.00390547,-0.00942863,0.0177,-0.00942863,-0.00390547,0.0177,-0.00390547,-0.00942863,0.0159,0.00390547,-0.00942863,0.0177,-0.00390547,-0.00942863,0.0177,-0.00390547,-0.00942863,0.0159,0.00390547,-0.00942863,0.0159,0.00390547,-0.00942863,0.0159,0.00351926,-0.00849625,0.0159,-0.00351926,-0.00849625,0.0159,-0.00213289,-0.00514924,0.0009,0.00351926,-0.00849625,0.0159,0.00213289,-0.00514924,0.0009,0.00351926,-0.00849625,0.0159,0.00213289,-0.00514924,0.0009,0.00849625,-0.00351926,0.0159,0.00514924,-0.00213289,0.0009,0.00514924,0.00213289,0.0009,0.00849625,0.00351926,0.0159,0.00849625,-0.00351926,0.0159,0.00514924,-0.00213289,0.0009,0.00849625,0.00351926,0.0159,0.00213289,0.00514924,0.0009,0.00351926,0.00849625,0.0159,0.00514924,0.00213289,0.0009,0.00849625,0.00351926,0.0159,0.00942863,0.00390547,0.0159,0.00942863,0.00390547,0.0159,0.00390547,0.00942863,0.0177,0.00942863,0.00390547,0.0177,0.00390547,0.00942863,0.0159,0.00390547,0.00942863,0.0177,0.00849625,0.00351926,0.0177,0.00942863,0.00390547,0.0177,0.00351926,0.00849625,0.0177,-0.00351926,0.00849625,0.0177,-0.00390547,0.00942863,0.0177,-0.00849625,0.00351926,0.0177,-0.00360447,0.00149302,0.0327,-0.00849625,0.00351926,0.0177,-0.00360447,-0.00149302,0.0327,-0.00849625,-0.00351926,0.0177,-0.00149302,-0.00360447,0.0327,0.00360447,-0.00149302,0.0327,-0.00360447,-0.00149302,0.0327,0.00360447,0.00149302,0.0327,-0.00149302,0.00360447,0.0327,0.00149302,0.00360447,0.0327,0.00149302,-0.00360447,0.0327,-0.00360447,0.00149302,0.0327,-0.00149302,0.00360447,0.0327,-0.00849625,0.00351926,0.0177,-0.00360447,0.00149302,0.0327,-0.00351926,0.00849625,0.0177,-0.00351926,0.00849625,0.0177,0.00149302,0.00360447,0.0327,0.00351926,0.00849625,0.0177,-0.00149302,0.00360447,0.0327,0.00360447,0.00149302,0.0327,0.00849625,0.00351926,0.0177,0.00149302,0.00360447,0.0327,0.00351926,0.00849625,0.0177,0.00849625,0.00351926,0.0177,0.00360447,0.00149302,0.0327,0.00360447,-0.00149302,0.0327,0.00849625,-0.00351926,0.0177,0.00849625,-0.00351926,0.0177,0.00360447,-0.00149302,0.0327,0.00149302,-0.00360447,0.0327,0.00351926,-0.00849625,0.0177,-0.00149302,-0.00360447,0.0327,-0.00351926,-0.00849625,0.0177,0.00149302,-0.00360447,0.0327,0.00351926,-0.00849625,0.0177,-0.00351926,-0.00849625,0.0177,0.00390547,-0.00942863,0.0177,0.00351926,-0.00849625,0.0177,-0.00360447,-0.00149302,0.0327,-0.00849625,-0.00351926,0.0177,-0.00149302,-0.00360447,0.0327,-0.00351926,-0.00849625,0.0177,0.00849625,-0.00351926,0.0177,0.00942863,-0.00390547,0.0177,0.00390547,-0.00942863,0.0159,0.00942863,-0.00390547,0.0159,0.00390547,-0.00942863,0.0177,0.00942863,-0.00390547,0.0177,0.00849625,-0.00351926,0.0159,0.00942863,-0.00390547,0.0159,0.00942863,-0.00390547,0.0159,0.00942863,0.00390547,0.0159,0.00942863,-0.00390547,0.0177,0.00942863,0.00390547,0.0177,-0.00390547,0.00942863,0.0177,-0.00942863,0.00390547,0.0159,-0.00942863,0.00390547,0.0177,-0.00390547,0.00942863,0.0159,0.00390547,0.00942863,0.0177,-0.00390547,0.00942863,0.0159,-0.00390547,0.00942863,0.0177,0.00390547,0.00942863,0.0159,-0.00351926,0.00849625,0.0159,-0.00213289,0.00514924,0.0009,-0.00849625,0.00351926,0.0159,-0.00514924,0.00213289,0.0009,0.00603939,0.0025016,0.0009,0.00754924,0.003127,-0.0021,0.0025016,0.00603939,0.0009,0.003127,0.00754924,-0.0021,0.00754924,-0.003127,-0.0021,0.00754924,0.003127,-0.0021,0.00603939,-0.0025016,0.0009,0.00603939,0.0025016,0.0009,-0.0025016,0.00603939,0.0009,-0.00754924,0.003127,-0.0021,-0.00603939,0.0025016,0.0009,-0.003127,0.00754924,-0.0021]},"normal":{"type":"float32","components":3,