{"model":{"version":3,"nodes":[{"name":"RootNode","position":[0,0,0],"rotation":[0,0,0],"scale":[1,1,1],"scaleCompensation":false},{"name":"blockHalf","position":[0,0,0],"rotation":[0,0,0],"scale":[1,1,1],"scaleCompensation":false}],"parents":[-1,0],"skins":[],"morphs":[],"vertices":[{"position":{"type":"float32","components":3,"data":[-4.67799e-12,5,-5.05338e-12,0,5,10,0,0,0,0,0,10,0,0,10,-10,0,10,0,0,0,-10,0,0,-10,0,0,-10,0,10,-10,5,1.44382e-14,-10,5,10,-10,0,0,-10,5,1.44382e-14,0,0,0,-4.67799e-12,5,-5.05338e-12,0,0,10,0,5,10,-10,0,10,-10,5,10,0,5,10,-4.67799e-12,5,-5.05338e-12,-10,5,10,-10,5,1.44382e-14,-9.16667,2.69589,-1.33028,-10,3.41493,-0.91514,-8.33333,3.41493,-0.91514,-10,5,1.44382e-14,-6.66667,3.41493,-0.91514,-5,3.41493,-0.91514,-3.33333,3.41493,-0.91514,-1.66667,3.41493,-0.91514,9.38485e-13,3.41493,-0.91514,-4.67799e-12,5,-5.05338e-12,-0.833333,2.69589,-1.33028,-2.5,2.69589,-1.33028,-4.16667,2.69589,-1.33028,-5.83333,2.69589,-1.33028,-7.5,2.69589,-1.33028,-10.9151,3.41493,1.44382e-14,-11.3303,2.69589,0.833333,-10,5,1.44382e-14,-10.9151,3.41493,1.66667,-10,5,10,-10.9151,3.41493,3.33333,-11.3303,2.69589,2.5,-10.9151,3.41493,5,-11.3303,2.69589,4.16667,-10.9151,3.41493,6.66667,-11.3303,2.69589,5.83333,-11.3303,2.69589,7.5,-10.9151,3.41493,8.33333,-11.3303,2.69589,9.16667,-10.9151,3.41493,10,-10.9151,3.41493,10,-10,3.41493,10.9151,-10,5,10,0,5,10,4.76461e-13,3.41493,10.9151,0.91514,3.41493,10,-10.9151,3.41493,1.44382e-14,-10,5,1.44382e-14,-10,3.41493,-0.91514,-0.833333,2.69589,11.3303,4.76461e-13,3.41493,10.9151,-1.66667,3.41493,10.9151,0,5,10,-3.33333,3.41493,10.9151,-5,3.41493,10.9151,-6.66667,3.41493,10.9151,-8.33333,3.41493,10.9151,-10,3.41493,10.9151,-10,5,10,-9.16667,2.69589,11.3303,-7.5,2.69589,11.3303,-5.83333,2.69589,11.3303,-4.16667,2.69589,11.3303,-2.5,2.69589,11.3303,0.91514,3.41493,-5.48653e-12,-4.67799e-12,5,-5.05338e-12,1.33028,2.69589,0.833333,0.91514,3.41493,1.66667,0,5,10,0.91514,3.41493,3.33333,1.33028,2.69589,2.5,0.91514,3.41493,5,1.33028,2.69589,4.16667,0.91514,3.41493,6.66667,1.33028,2.69589,5.83333,1.33028,2.69589,7.5,0.91514,3.41493,8.33333,1.33028,2.69589,9.16667,0.91514,3.41493,10,9.38485e-13,3.41493,-0.91514,-4.67799e-12,5,-5.05338e-12,0.91514,3.41493,-5.48653e-12]},"normal":{"type":"float32","components":3,"data":[1,0,0,1,0,0,1,0,0,1,0,0,0,-1,0,0,-1,0,0,-1,0,0,-1,0,-1,0,0,-1,0,0,-1,0,0,-1,0,0,0,0,-1,0,0,-1,0,0,-1,0,0,-1,0,0,1,0,0,1,0,0,1,0,0,1,0,1,0,0,1,0,0,1,0,0,1,0,0,0.5,-0.866025,0,0.5,-0.866025,0,0.5,-0.866025,0,0.5,-0.866025,0,0.5,-0.866025,0,0.5,-0.866025,0,0.5,-0.866025,0,0.5,-0.866025,0,0.5,-0.866025,0,0.5,-0.866025,0,0.5,-0.866025,0,0.5,-0.866025,0,0.5,-0.866025,0,0.5,-0.866025,0,0.5,-0.866025,-0.866025,0.5,0,-0.866025,0.5,0,-0.866025,0.5,0,-0.866025,0.5,0,-0.866025,0.5,0,-0.866025,0.5,0,-0.866025,0.5,0,-0.866025,0.5,0,-0.866025,0.5,0,-0.866025,0.5,0,-0.866025,0.5,0,-0.866025,0.5,0,-0.866025,0.5,0,-0.866025,0.5,0,-0.866025,0.5,0,-0.654654,0.377964,0.654654,-0.654654,0.377964,0.654654,-0.654654,0.377964,0.654654,0.654654,0.377964,0.654654,0.654654,0.377964,0.654654,0.654654,0.377964,0.654654,-0.654654,0.377964,-0.654654,-0.654654,0.377964,-0.654654,-0.654654,0.377964,-0.654654,0,0.5,0.866025,0,0.5,0.866025,0,0.5,0.866025,0,0.5,0.866025,0,0.5,0.866025,0,0.5,0.866025,0,0.5,0.866025,0,0.5,0.866025,0,0.5,0.866025,0,0.5,0.866025,0,0.5,0.866025,0,0.5,0.866025,0,0.5,0.866025,0,0.5,0.866025,0,0.5,0.866025,0.866025,0.5,0,0.866025,0.5,0,0.866025,0.5,0,0.866025,0.5,0,0.866025,0.5,0,0.866025,0.5,0,0.866025,0.5,0,0.866025,0.5,0,0.866025,0.5,0,0.866025,0.5,0,0.866025,0.5,0,0.866025,0.5,0,0.866025,0.5,0,0.866025,0.5,0,0.866025,0.5,0,0.654654,0.377964,-0.654654,0.654654,0.377964,-0.654654,0.654654,0.377964,-0.654654]},"texCoord0":{"type":"float32","components":2,"data":[1.98952e-11,19.685,-39.3701,19.685,0,0,-39.3701,4.30779e-24,0,39.3701,-39.3701,39.3701,0,0,-39.3701,0,1.90425e-12,-3.9222e-12,39.3701,-3.9222e-12,1.9611e-12,19.685,39.3701,19.685,39.3701,5.03407e-24,39.3701,19.685,0,0,1.84173e-11,19.685,-9.97602e-12,-1.9952e-11,-9.97602e-12,19.685,-39.3701,-1.9952e-11,-39.3701,19.685,0,39.3701,1.84173e-11,-1.98952e-11,39.3701,39.3701,39.3701,5.68434e-14,36.0892,6.5731,39.3701,9.84192,32.8084,9.84192,39.3701,17.0477,26.2467,9.84192,19.685,9.84192,13.1234,9.84192,6.56168,9.84192,-4.30678e-12,9.84192,1.84173e-11,17.0477,3.28084,6.5731,9.84252,6.5731,16.4042,6.5731,22.9659,6.5731,29.5276,6.5731,1.23549e-12,-9.84312,3.28084,-13.1119,1.13667e-12,-2.6373,6.56168,-9.84312,39.3701,-2.6373,13.1234,-9.84312,9.84252,-13.1119,19.685,-9.84312,16.4042,-13.1119,26.2467,-9.84312,22.9659,-13.1119,29.5276,-13.1119,32.8084,-9.84312,36.0892,-13.1119,39.3701,-9.84312,-2.54765,-9.55982,2.54765,-9.55982,1.45057e-11,-2.81939,-27.8389,7.70271,-30.3865,0.962275,-25.2912,0.962275,30.3865,0.962275,27.8389,7.70271,25.2912,0.962275,-3.28084,-13.1119,-1.98948e-11,-9.84312,-6.56168,-9.84312,-1.99453e-11,-2.6373,-13.1234,-9.84312,-19.685,-9.84312,-26.2467,-9.84312,-32.8084,-9.84312,-39.3701,-9.84312,-39.3701,-2.6373,-36.0892,-13.1119,-29.5276,-13.1119,-22.9659,-13.1119,-16.4042,-13.1119,-9.84252,-13.1119,1.99106e-11,9.84192,1.98952e-11,17.0477,-3.28084,6.5731,-6.56168,9.84192,-39.3701,17.0477,-13.1234,9.84192,-9.84252,6.5731,-19.685,9.84192,-16.4042,6.5731,-26.2467,9.84192,-22.9659,6.5731,-29.5276,6.5731,-32.8084,9.84192,-36.0892,6.5731,-39.3701,9.84192,2.54765,11.4844,2.7091e-11,18.2248,-2.54765,11.4844]}}],"meshes":[{"aabb":{"min":[-11.3303,0,-1.33028],"max":[1.33028,5,11.3303]},"vertices":0,"indices":[0,1,2,3,2,1,4,5,6,7,6,5,8,9,10,11,10,9,12,13,14,15,14,13,16,17,18,19,18,17],"type":"triangles","base":0,"count":30},{"aabb":{"min":[-11.3303,0,-1.33028],"max":[1.33028,5,11.3303]},"vertices":0,"indices":[20,21,22,23,22,21,24,25,26,27,26,25,28,26,27,29,28,27,30,29,27,31,30,27,32,31,27,33,32,27,31,32,34,30,31,35,29,30,36,28,29,37,26,28,38,39,40,41,42,41,40,43,41,42,44,43,42,45,44,42,46,43,44,47,46,44,48,43,46,49,48,46,50,43,48,51,43,50,52,43,51,53,43,52,54,55,56,57,58,59,60,61,62,63,64,65,66,65,64,67,65,66,68,67,66,69,68,66,70,69,66,71,70,66,72,71,66,70,71,73,69,70,74,68,69,75,67,68,76,65,67,77,78,79,80,81,80,79,82,81,79,83,81,82,84,81,83,85,83,82,86,83,85,87,85,82,88,85,87,89,87,82,90,89,82,91,90,82,92,91,82,93,94,95],"type":"triangles","base":0,"count":174}],"meshInstances":[{"node":1,"mesh":0},{"node":1,"mesh":1}]}}