{"model":{"version":3,"nodes":[{"name":"RootNode","position":[0,0,0],"rotation":[0,0,0],"scale":[1,1,1],"scaleCompensation":false},{"name":"arrows","position":[0,0,0],"rotation":[0,0,0],"scale":[1,1,1],"scaleCompensation":false},{"name":"arrowLeft","position":[-5.3992,7.3,4.7],"rotation":[180,8,-90],"scale":[0.62,0.830676,0.62],"scaleCompensation":false},{"name":"arrowRight","position":[-5.3992,4.1,5.69946],"rotation":[1.85585e-15,10,90],"scale":[0.62,0.830676,0.62],"scaleCompensation":false}],"parents":[-1,0,1,1],"skins":[],"morphs":[],"vertices":[{"position":{"type":"float32","components":3,"data":[-4.65,0,4.65,-4.7445,9,4.7445,-4.65,0,5.35,-4.7445,9,5.2555,-4.7445,9,4.7445,-4.65,0,4.65,-4.65,0,5.35,-4.7445,9,5.2555,-4.7445,9,5.2555,-4.7445,9,4.7445,-5.2555,9,5.2555,-5.2555,9,4.7445,-4.7445,9,4.7445,-4.7445,9,5.2555,-5.2555,9,5.2555,-5.2555,9,4.7445,-5.35,0,4.65,-5.2555,9,4.7445,-4.65,0,4.65,-4.7445,9,4.7445,-5.2555,9,4.7445,-5.35,0,4.65,-4.65,0,4.65,-4.7445,9,4.7445,-5.35,0,4.65,-5.35,0,5.35,-5.2555,9,4.7445,-5.2555,9,5.2555,-5.35,0,5.35,-5.35,0,4.65,-5.2555,9,4.7445,-5.2555,9,5.2555,-4.65,0,5.35,-4.7445,9,5.2555,-5.35,0,5.35,-5.2555,9,5.2555,-4.7445,9,5.2555,-4.65,0,5.35,-5.35,0,5.35,-5.2555,9,5.2555,-4.65,0,5.35,-5.35,0,5.35,-4.65,0,4.65,-5.35,0,4.65,-4.65,0,4.65,-5.35,0,5.35]},"normal":{"type":"float32","components":3,"data":[0.999945,0.0104994,0,0.999945,0.0104994,0,0.999945,0.0104994,0,0.999945,0.0104994,0,-0.999945,-0.0104994,0,-0.999945,-0.0104994,0,-0.999945,-0.0104994,0,-0.999945,-0.0104994,0,0,1,0,0,1,0,0,1,0,0,1,0,0,-1,0,0,-1,0,0,-1,0,0,-1,0,0,0.0104994,-0.999945,0,0.0104994,-0.999945,0,0.0104994,-0.999945,0,0.0104994,-0.999945,0,-0.0104994,0.999945,0,-0.0104994,0.999945,0,-0.0104994,0.999945,0,-0.0104994,0.999945,-0.999945,0.0104994,0,-0.999945,0.0104994,0,-0.999945,0.0104994,0,-0.999945,0.0104994,0,0.999945,-0.0104994,0,0.999945,-0.0104994,0,0.999945,-0.0104994,0,0.999945,-0.0104994,0,0,0.0104994,0.999945,0,0.0104994,0.999945,0,0.0104994,0.999945,0,0.0104994,0.999945,0,-0.0104994,-0.999945,0,-0.0104994,-0.999945,0,-0.0104994,-0.999945,0,-0.0104994,-0.999945,0,-1,0,0,-1,0,0,-1,0,0,-1,0,0,-1,0,0,-1,0]},"texCoord0":{"type":"float32","components":2,"data":[-18.3071,0.192214,-18.6791,35.6272,-21.063,0.192214,-20.6909,35.6272,-18.6791,35.6272,-18.3071,0.192214,-21.063,0.192214,-20.6909,35.6272,18.6791,20.6909,18.6791,18.6791,20.6909,20.6909,20.6909,18.6791,18.6791,18.6791,18.6791,20.6909,20.6909,20.6909,20.6909,18.6791,21.063,0.192214,20.6909,35.6272,18.3071,0.192214,18.6791,35.6272,20.6909,35.6272,21.063,0.192214,18.3071,0.192214,18.6791,35.6272,18.3071,-0.221149,21.063,-0.221149,18.6791,35.2139,20.6909,35.2139,21.063,-0.221149,18.3071,-0.221149,18.6791,35.2139,20.6909,35.2139,-18.3071,-0.221149,-18.6791,35.2139,-21.063,-0.221149,-20.6909,35.2139,-18.6791,35.2139,-18.3071,-0.221149,-21.063,-0.221149,-20.6909,35.2139,20.6909,18.6791,20.6909,20.6909,18.6791,18.6791,20.6909,18.6791,20.6909,20.6909,18.6791,18.6791]}},{"position":{"type":"float32","components":3,"data":[1.725,0.3,-3.675,-1.725,0.3,-3.675,1.3455,0.3,0.975,-1.3455,0.3,0.975,-1.725,-0.3,-3.675,-1.3455,-0.3,0.975,-1.725,0.3,-3.675,-1.3455,0.3,0.975,1.725,-0.3,-3.675,1.3455,-0.3,0.975,-1.725,-0.3,-3.675,-1.3455,-0.3,0.975,2.4,0.3,0.975,1.3455,0.3,0.975,1.35358e-14,0.1,3.675,-1.3455,0.3,0.975,-2.4,0.3,0.975,-1.725,-0.3,-3.675,-1.725,0.3,-3.675,1.725,-0.3,-3.675,1.725,0.3,-3.675,-2.4,-0.3,0.975,1.44382e-14,-0.1,3.675,-2.4,0.3,0.975,1.35358e-14,0.1,3.675,2.4,0.3,0.975,1.35358e-14,0.1,3.675,2.4,-0.3,0.975,1.44382e-14,-0.1,3.675,1.725,0.3,-3.675,1.3455,0.3,0.975,1.725,-0.3,-3.675,1.3455,-0.3,0.975,2.4,-0.3,0.975,1.44382e-14,-0.1,3.675,1.3455,-0.3,0.975,-1.3455,-0.3,0.975,-2.4,-0.3,0.975,1.3455,-0.3,0.975,1.3455,0.3,0.975,2.4,-0.3,0.975,2.4,0.3,0.975,-1.3455,-0.3,0.975,-2.4,-0.3,0.975,-1.3455,0.3,0.975,-2.4,0.3,0.975]},"normal":{"type":"float32","components":3,"data":[0,1,0,0,1,0,0,1,0,0,1,0,-0.996686,0,0.0813425,-0.996686,0,0.0813425,-0.996686,0,0.0813425,-0.996686,0,0.0813425,0,-1,0,0,-1,0,0,-1,0,0,-1,0,0,0.997268,0.0738717,0,0.997268,0.0738717,0,0.997268,0.0738717,0,0.997268,0.0738717,0,0.997268,0.0738717,0,0,-1,0,0,-1,0,0,-1,0,0,-1,-0.747409,0,0.664364,-0.747409,0,0.664364,-0.747409,0,0.664364,-0.747409,0,0.664364,0.747409,0,0.664364,0.747409,0,0.664364,0.747409,0,0.664364,0.747409,0,0.664364,0.996686,0,0.0813425,0.996686,0,0.0813425,0.996686,0,0.0813425,0.996686,0,0.0813425,0,-0.997268,0.0738717,0,-0.997268,0.0738717,0,-0.997268,0.0738717,0,-0.997268,0.0738717,0,-0.997268,0.0738717,0,0,-1,0,0,-1,0,0,-1,0,0,-1,0,0,-1,0,0,-1,0,0,-1,0,0,-1]},"texCoord0":{"type":"float32","components":2,"data":[-6.79134,-14.4685,6.79134,-14.4685,-5.29724,3.83858,5.29724,3.83858,-14.973,-1.1811,3.39497,-1.1811,-14.973,1.1811,3.39497,1.1811,6.79134,-14.4685,5.29724,3.83858,-6.79134,-14.4685,-5.29724,3.83858,9.44882,-3.74084,5.29724,-3.74084,5.32907e-14,-14.3999,-5.29724,-3.74084,-9.44882,-3.74084,6.79134,-1.1811,6.79134,1.1811,-6.79134,-1.1811,-6.79134,1.1811,-3.40846,-1.1811,10.8139,-0.393701,-3.40846,1.1811,10.8139,0.393701,3.40846,1.1811,-10.8139,0.393701,3.40846,-1.1811,-10.8139,-0.393701,14.973,1.1811,-3.39497,1.1811,14.973,-1.1811,-3.39497,-1.1811,9.44882,3.74084,5.71052e-14,14.3999,5.29724,3.74084,-5.29724,3.74084,-9.44882,3.74084,-5.29724,-1.1811,-5.29724,1.1811,-9.44882,-1.1811,-9.44882,1.1811,5.29724,-1.1811,9.44882,-1.1811,5.29724,1.1811,9.44882,1.1811]}},{"position":{"type":"float32","components":3,"data":[1.725,0.3,-3.675,-1.725,0.3,-3.675,1.3455,0.3,0.975,-1.3455,0.3,0.975,-1.725,-0.3,-3.675,-1.3455,-0.3,0.975,-1.725,0.3,-3.675,-1.3455,0.3,0.975,1.725,-0.3,-3.675,1.3455,-0.3,0.975,-1.725,-0.3,-3.675,-1.3455,-0.3,0.975,2.4,0.3,0.975,1.3455,0.3,0.975,1.35358e-14,0.1,3.675,-1.3455,0.3,0.975,-2.4,0.3,0.975,-1.725,-0.3,-3.675,-1.725,0.3,-3.675,1.725,-0.3,-3.675,1.725,0.3,-3.675,-2.4,-0.3,0.975,1.44382e-14,-0.1,3.675,-2.4,0.3,0.975,1.35358e-14,0.1,3.675,2.4,0.3,0.975,1.35358e-14,0.1,3.675,2.4,-0.3,0.975,1.44382e-14,-0.1,3.675,1.725,0.3,-3.675,1.3455,0.3,0.975,1.725,-0.3,-3.675,1.3455,-0.3,0.975,2.4,-0.3,0.975,1.44382e-14,-0.1,3.675,1.3455,-0.3,0.975,-1.3455,-0.3,0.975,-2.4,-0.3,0.975,1.3455,-0.3,0.975,1.3455,0.3,0.975,2.4,-0.3,0.975,2.4,0.3,0.975,-1.3455,-0.3,0.975,-2.4,-0.3,0.975,-1.3455,0.3,0.975,-2.4,0.3,0.975]},"normal":{"type":"float32","components":3,"data":[0,1,0,0,1,0,0,1,0,0,1,0,-0.996686,0,0.0813425,-0.996686,0,0.0813425,-0.996686,0,0.0813425,-0.996686,0,0.0813425,0,-1,0,0,-1,0,0,-1,0,0,-1,0,0,0.997268,0.0738717,0,0.997268,0.0738717,0,0.997268,0.0738717,0,0.997268,0.0738717,0,0.997268,0.0738717,0,0,-1,0,0,-1,0,0,-1,0,0,-1,-0.747409,0,0.664364,-0.747409,0,0.664364,-0.747409,0,0.664364,-0.747409,0,0.664364,0.747409,0,0.664364,0.747409,0,0.664364,0.747409,0,0.664364,0.747409,0,0.664364,0.996686,0,0.0813425,0.996686,0,0.0813425,0.996686,0,0.0813425,0.996686,0,0.0813425,0,-0.997268,0.0738717,0,-0.997268,0.0738717,0,-0.997268,0.0738717,0,-0.997268,0.0738717,0,-0.997268,0.0738717,0,0,-1,0,0,-1,0,0,-1,0,0,-1,0,0,-1,0,0,-1,0,0,-1,0,0,-1]},"texCoord0":{"type":"float32","components":2,"data":[-6.79134,-14.4685,6.79134,-14.4685,-5.29724,3.83858,5.29724,3.83858,-14.973,-1.1811,3.39497,-1.1811,-14.973,1.1811,3.39497,1.1811,6.79134,-14.4685,5.29724,3.83858,-6.79134,-14.4685,-5.29724,3.83858,9.44882,-3.74084,5.29724,-3.74084,5.32907e-14,-14.3999,-5.29724,-3.74084,-9.44882,-3.74084,6.79134,-1.1811,6.79134,1.1811,-6.79134,-1.1811,-6.79134,1.1811,-3.40846,-1.1811,10.8139,-0.393701,-3.40846,1.1811,10.8139,0.393701,3.40846,1.1811,-10.8139,0.393701,3.40846,-1.1811,-10.8139,-0.393701,14.973,1.1811,-3.39497,1.1811,14.973,-1.1811,-3.39497,-1.1811,9.44882,3.74084,5.71052e-14,14.3999,5.29724,3.74084,-5.29724,3.74084,-9.44882,3.74084,-5.29724,-1.1811,-5.29724,1.1811,-9.44882,-1.1811,-9.44882,1.1811,5.29724,-1.1811,9.44882,-1.1811,5.29724,1.1811,9.44882,1.1811]}}],"meshes":[{"aabb":{"min":[-5.35,0,4.65],"max":[-4.65,9,5.35]},"vertices":0,