{"model":{"version":3,"nodes":[{"name":"RootNode","position":[0,0,0],"rotation":[0,0,0],"scale":[1,1,1],"scaleCompensation":false},{"name":"ground_dirtRiverWater","position":[34,0,-36],"rotation":[0,0,0],"scale":[1,1,1],"scaleCompensation":false}],"parents":[-1,0],"skins":[],"morphs":[],"vertices":[{"position":{"type":"float32","components":3,"data":[-10,0,0,-10,2,0,0,0,0,0,2,0,0,0,10,0,2,10,-10,0,10,-10,2,10,0,2,0,0,2,10,0,0,0,0,0,10,0,0,10,-10,0,10,0,0,0,-10,0,0,-10,0,0,-10,0,10,-10,2,0,-10,2,10,0,2,0,-10,2,0,0,2,10,-10,2,10]},"normal":{"type":"float32","components":3,"data":[0,0,-1,0,0,-1,0,0,-1,0,0,-1,0,0,1,0,0,1,0,0,1,0,0,1,1,0,0,1,0,0,1,0,0,1,0,0,0,-1,0,0,-1,0,0,-1,0,0,-1,0,-1,0,0,-1,0,0,-1,0,0,-1,0,0,0,1,0,0,1,0,0,1,0,0,1,0]},"texCoord0":{"type":"float32","components":2,"data":[39.3701,0,39.3701,7.87402,0,0,0,7.87402,0,0,0,7.87402,-39.3701,0,-39.3701,7.87402,0,7.87402,-39.3701,7.87402,0,0,-39.3701,0,0,39.3701,-39.3701,39.3701,0,0,-39.3701,0,0,0,39.3701,0,0,7.87402,39.3701,7.87402,0,0,39.3701,0,0,39.3701,39.3701,39.3701]}}],"meshes":[{"aabb":{"min":[-10,0,0],"max":[0,2,10]},"vertices":0,"indices":[0,1,2,3,2,1,4,5,6,7,6,5,8,9,10,11,10,9,12,13,14,15,14,13,16,17,18,19,18,17],"type":"triangles","base":0,"count":30},{"aabb":{"min":[-10,0,0],"max":[0,2,10]},"vertices":0,"indices":[20,21,22,23,22,21],"type":"triangles","base":0,"count":6}],"meshInstances":[{"node":1,"mesh":0},{"node":1,"mesh":1}]}}