{"model":{"version":3,"nodes":[{"name":"RootNode","position":[0,0,0],"rotation":[0,0,0],"scale":[1,1,1],"scaleCompensation":false},{"name":"ladder","position":[0,0,0],"rotation":[0,0,0],"scale":[1,1,1],"scaleCompensation":false}],"parents":[-1,0],"skins":[],"morphs":[],"vertices":[{"position":{"type":"float32","components":3,"data":[-0.5,10,3.9,-0.5,10,3.1,-1.3,10,3.9,-1.3,10,3.1,-1.3,0,3.1,-1.3,0,3.9,-1.3,10,3.1,-1.3,10,3.9,-0.736,3.4,6.1,-1.064,3.4,6.1,-0.736,3.4,3.9,-1.064,3.4,3.9,-0.736,4.06667,3.9,-1.064,4.06667,3.9,-0.736,4.06667,6.1,-1.064,4.06667,6.1,-0.5,10,6.1,-0.5,10,6.9,-0.5,0,6.1,-0.5,0,6.9,-0.5,0,6.9,-0.5,10,6.9,-1.3,0,6.9,-1.3,10,6.9,-0.5,10,6.9,-0.5,10,6.1,-1.3,10,6.9,-1.3,10,6.1,-0.736,4.06667,3.9,-0.736,4.06667,6.1,-0.736,3.4,3.9,-0.736,3.4,6.1,-1.064,4.06667,3.9,-1.064,3.4,3.9,-1.064,4.06667,6.1,-1.064,3.4,6.1,-0.5,0,6.1,-1.3,0,6.1,-1.064,0.9,6.1,-1.3,10,6.1,-1.064,1.56667,6.1,-1.064,3.4,6.1,-0.736,1.56667,6.1,-1.064,4.06667,6.1,-1.064,5.9,6.1,-0.736,4.06667,6.1,-1.064,6.56667,6.1,-1.064,8.4,6.1,-0.736,6.56667,6.1,-1.064,9.06667,6.1,-0.736,9.06667,6.1,-0.736,0.9,6.1,-0.5,10,6.1,-0.736,3.4,6.1,-0.736,5.9,6.1,-0.736,8.4,6.1,-0.736,5.9,6.1,-1.064,5.9,6.1,-0.736,5.9,3.9,-1.064,5.9,3.9,-0.736,6.56667,3.9,-0.736,6.56667,6.1,-0.736,5.9,3.9,-0.736,5.9,6.1,-1.064,6.56667,3.9,-1.064,5.9,3.9,-1.064,6.56667,6.1,-1.064,5.9,6.1,-0.736,6.56667,3.9,-1.064,6.56667,3.9,-0.736,6.56667,6.1,-1.064,6.56667,6.1,-0.5,0,6.9,-1.3,0,6.9,-0.5,0,6.1,-1.3,0,6.1,-0.736,8.4,6.1,-1.064,8.4,6.1,-0.736,8.4,3.9,-1.064,8.4,3.9,-1.064,9.06667,3.9,-1.064,8.4,3.9,-1.064,9.06667,6.1,-1.064,8.4,6.1,-0.736,9.06667,3.9,-1.064,9.06667,3.9,-0.736,9.06667,6.1,-1.064,9.06667,6.1,-1.3,0,6.1,-1.3,0,6.9,-1.3,10,6.1,-1.3,10,6.9,-0.736,9.06667,3.9,-0.736,9.06667,6.1,-0.736,8.4,3.9,-0.736,8.4,6.1,-1.3,0,3.9,-0.5,0,3.9,-0.736,0.9,3.9,-0.5,10,3.9,-1.064,0.9,3.9,-0.736,1.56667,3.9,-0.736,3.4,3.9,-1.064,3.4,3.9,-0.736,4.06667,3.9,-0.736,5.9,3.9,-1.064,5.9,3.9,-0.736,6.56667,3.9,-0.736,8.4,3.9,-1.064,8.4,3.9,-0.736,9.06667,3.9,-1.3,10,3.9,-1.064,1.56667,3.9,-1.064,4.06667,3.9,-1.064,6.56667,3.9,-1.064,9.06667,3.9,-0.5,0,3.9,-1.3,0,3.9,-0.5,0,3.1,-1.3,0,3.1,-0.736,1.56667,3.9,-1.064,1.56667,3.9,-0.736,1.56667,6.1,-1.064,1.56667,6.1,-0.736,0.9,6.1,-1.064,0.9,6.1,-0.736,0.9,3.9,-1.064,0.9,3.9,-0.736,1.56667,3.9,-0.736,1.56667,6.1,-0.736,0.9,3.9,-0.736,0.9,6.1,-0.5,10,3.1,-0.5,10,3.9,-0.5,0,3.1,-0.5,0,3.9,-1.3,0,3.1,-1.3,10,3.1,-0.5,0,3.1,-0.5,10,3.1,-1.064,1.56667,3.9,-1.064,0.9,3.9,-1.064,1.56667,6.1,-1.064,0.9,6.1]},"normal":{"type":"float32","components":3,"data":[0,1,0,0,1,0,0,1,0,0,1,0,-1,0,0,-1,0,0,-1,0,0,-1,0,0,0,-1,0,0,-1,0,0,-1,0,0,-1,0,0,1,0,0,1,0,0,1,0,0,1,0,1,0,0,1,0,0,1,0,0,1,0,0,0,0,1,0,0,1,0,0,1,0,0,1,0,1,0,0,1,0,0,1,0,0,1,0,1,0,0,1,0,0,1,0,0,1,0,0,-1,0,0,-1,0,0,-1,0,0,-1,0,0,0,0,-1,0,0,-1,0,0,-1,0,0,-1,0,0,-1,0,0,-1,0,0,-1,0,0,-1,0,0,-1,0,0,-1,0,0,-1,0,0,-1,0,0,-1,0,0,-1,0,0,-1,0,0,-1,0,0,-1,0,0,-1,0,0,-1,0,0,-1,0,-1,0,0,-1,0,0,-1,0,0,-1,0,1,0,0,1,0,0,1,0,0,1,0,0,-1,0,0,-1,0,0,-1,0,0,-1,0,0,0,1,0,0,1,0,0,1,0,0,1,0,0,-1,0,0,-1,0,0,-1,0,0,-1,0,0,-1,0,0,-1,0,0,-1,0,0,-1,0,-1,0,0,-1,0,0,-1,0,0,-1,0,0,0,1,0,0,1,0,0,1,0,0,1,0,-1,0,0,-1,0,0,-1,0,0,-1,0,0,1,0,0,1,0,0,1,0,0,1,0,0,0,0,1,0,0,1,0,0,1,0,0,1,0,0,1,0,0,1,0,0,1,0,0,1,0,0,1,0,0,1,0,0,1,0,0,1,0,0,1,0,0,1,0,0,1,0,0,1,0,0,1,0,0,1,0,0,1,0,0,1,0,-1,0,0,-1,0,0,-1,0,0,-1,0,0,1,0,0,1,0,0,1,0,0,1,0,0,-1,0,0,-1,0,0,-1,0,0,-1,0,1,0,0,1,0,0,1,0,0,1,0,0,1,0,0,1,0,0,1,0,0,1,0,0,0,0,-1,0,0,-1,0,0,-1,0,0,-1,-1,0,0,-1,0,0,-1,0,0,-1,0,0]},"texCoord0":{"type":"float32","components":2,"data":[1.9685,15.3543,1.9685,12.2047,5.11811,15.3543,5.11811,12.2047,12.2047,0,15.3543,0,12.2047,39.3701,15.3543,39.3701,-2.89764,24.0158,-4.18898,24.0158,-2.89764,15.3543,-4.18898,15.3543,2.89764,15.3543,4.18898,15.3543,2.89764,24.0158,4.18898,24.0158,-24.0158,39.3701,-27.1653,39.3701,-24.0158,0,-27.1653,0,-1.9685,0,-1.9685,39.3701,-5.11811,0,-5.11811,39.3701,1.9685,27.1653,1.9685,24.0158,5.11811,27.1653,5.11811,24.0158,-15.3543,16.0105,-24.0158,16.0105,-15.3543,13.3858,-24.0158,13.3858,15.3543,16.0105,15.3543,13.3858,24.0158,16.0105,24.0158,13.3858,1.9685,0,5.11811,0,4.18898,3.54331,5.11811,39.3701,4.18898,6.16798,4.18898,13.3858,2.89764,6.16798,4.18898,16.0105,4.18898,23.2283,2.89764,16.0105,4.18898,25.853,4.18898,33.0709,2.89764,25.853,4.18898,35.6955,2.89764,35.6955,2.89764,3.54331,1.9685,39.3701,2.89764,13.3858,2.89764,23.2283,2.89764,33.0709,-2.89764,24.0158,-4.18898,24.0158,-2.89764,15.3543,-4.18898,15.3543,-15.3543,25.853,-24.0158,25.853,-15.3543,23.2283,-24.0158,23.2283,15.3543,25.853,15.3543,23.2283,24.0158,25.853,24.0158,23.2283,2.89764,15.3543,4.18898,15.3543,2.89764,24.0158,4.18898,24.0158,-1.9685,27.1653,-5.11811,27.1653,-1.9685,24.0158,-5.11811,24.0158,-2.89764,24.0158,-4.18898,24.0158,-2.89764,15.3543,-4.18898,15.3543,15.3543,35.6955,15.3543,33.0709,24.0158,35.6955,24.0158,33.0709,2.89764,15.3543,4.18898,15.3543,2.89764,24.0158,4.18898,24.0158,24.0158,0,27.1653,0,24.0158,39.3701,27.1653,39.3701,-15.3543,35.6955,-24.0158,35.6955,-15.3543,33.0709,-24.0158,33.0709,-5.11811,0,-1.9685,0,-2.89764,3.54331,-1.9685,39.3701,-4.18898,3.54331,-2.89764,6.16798,-2.89764,13.3858,-4.18898,13.3858,-2.89764,16.0105,-2.89764,23.2283,-4.18898,23.2283,-2.89764,25.853,-2.89764,33.0709,-4.18898,33.0709,-2.89764,35.6955,-5.11811,39.3701,-4.18898,6.16798,-4.18898,16.0105,-4.18898,25.853,-4.18898,35.6955,-1.9685,15.3543,-5.11811,15.3543,-1.9685,12.2047,-5.11811,12.2047,2.89764,15.3543,4.18898,15.3543,2.89764,24.0158,4.18898,24.0158,-2.89764,24.0158,-4.18898,24.0158,-2.89764,15.3543,-4.18898,15.3543,-15.3543,6.16798,-24.0158,6.16798,-15.3543,3.54331,-24.0158,3.54331,-12.2047,39.3701,-15.3543,39.3701,-12.2047,0,-15.3543,0,5.11811,0,5.11811,39.3701,1.9685,0,1.9685,39.3701,15.3543,6.16798,15.3543,3.54331,24.0158,6.16798,24.0158,3.54331]}}],"meshes":[{"aabb":{"min":[-1.3,0,3.1],"max":[-0.5,10,6.9]},"vertices":0,"indices":[0,1,2,3,2,1,4,5,6,7,6,5,8,9,10,11,10,9,12,13,14,15,14,13,16,17,18,19,18,17,20,21,22,23,22,21,24,25,26,27,26,25,28,29,30,31,30,29,32,33,34,35,34,33,36,37,38,39,38,37,40,38,39,41,40,39,42,40,41,43,41,39,44,43,39,45,43,44,46,44,39,47,46,39,48,46,47,49,47,39,50,49,39,38,51,36,52,36,51,42,52,51,39,52,50,53,52,42,41,53,42,45,52,53,54,52,45,44,54,45,48,52,54,55,52,48,47,55,48,50,52,55,56,57,58,59,58,57,60,61,62,63,62,61,64,65,66,67,66,65,68,69,70,71,70,69,72,73,74,75,74,73,76,77,78,79,78,77,80,81,82,83,82,81,84,85,86,87,86,85,88,89,90,91,90,89,92,93,94,95,94,93,96,97,98,99,98,97,100,96,98,101,98,99,102,101,99,103,101,102,104,102,99,105,104,99,106,104,105,107,105,99,108,107,99,109,107,108,110,108,99,96,100,111,99,111,110,112,111,100,103,111,112,101,103,112,113,111,103,106,111,113,104,106,113,114,111,106,109,111,114,107,109,114,115,111,109,110,111,115,116,117,118,119,118,117,120,121,122,123,122,121,124,125,126,127,126,125,128,129,130,131,130,129,132,133,134,135,134,133,136,137,138,139,138,137,140,141,142,143,142,141],"type":"triangles","base":0,"count":312}],"meshInstances":[{"node":1,"mesh":0}]}}