{"model":{"version":3,"nodes":[{"name":"RootNode","position":[0,0,0],"rotation":[0,0,0],"scale":[1,1,1],"scaleCompensation":false},{"name":"blockQuarter","position":[0,0,0],"rotation":[0,0,0],"scale":[1,1,1],"scaleCompensation":false}],"parents":[-1,0],"skins":[],"morphs":[],"vertices":[{"position":{"type":"float32","components":3,"data":[-5.91514,8.41493,1.44382e-14,-6.33028,7.69589,0.833333,-5,10,4.18709e-13,-5.91514,8.41493,1.66667,-5,10,5,-6.33028,7.69589,2.5,-5.91514,8.41493,3.33333,-6.33028,7.69589,4.16667,-5.91514,8.41493,5,-5.91514,8.41493,1.44382e-14,-5,10,4.18709e-13,-5,8.41493,-0.91514,-4.8729e-13,8.41493,-0.91514,-4.15099e-13,10,1.44382e-14,0.91514,8.41493,-5.77529e-14,3.60956e-15,10,5,-1.08287e-14,8.41493,5.91514,0.91514,8.41493,5,-4.16667,7.69589,-1.33028,-5,8.41493,-0.91514,-3.33333,8.41493,-0.91514,-5,10,4.18709e-13,-1.66667,8.41493,-0.91514,-4.8729e-13,8.41493,-0.91514,-4.15099e-13,10,1.44382e-14,-0.833333,7.69589,-1.33028,-2.5,7.69589,-1.33028,0.91514,8.41493,-5.77529e-14,-4.15099e-13,10,1.44382e-14,1.33028,7.69589,0.833333,0.91514,8.41493,1.66667,3.60956e-15,10,5,1.33028,7.69589,2.5,0.91514,8.41493,3.33333,1.33028,7.69589,4.16667,0.91514,8.41493,5,-5,8.41493,5.91514,-5,10,5,-5.91514,8.41493,5,3.60956e-15,10,5,-4.15099e-13,10,1.44382e-14,-5,10,5,-5,10,4.18709e-13,-0.833333,7.69589,6.33028,-1.08287e-14,8.41493,5.91514,-1.66667,8.41493,5.91514,3.60956e-15,10,5,-3.33333,8.41493,5.91514,-5,8.41493,5.91514,-5,10,5,-4.16667,7.69589,6.33028,-2.5,7.69589,6.33028,3.60956e-15,0,5,3.60956e-15,10,5,-5,0,5,-5,10,5,-5,0,1.44382e-14,-5,0,5,-5,10,4.18709e-13,-5,10,5,3.60956e-15,0,5,-5,0,5,0,0,0,-5,0,1.44382e-14,-5,0,1.44382e-14,-5,10,4.18709e-13,0,0,0,-4.15099e-13,10,1.44382e-14,0,0,0,-4.15099e-13,10,1.44382e-14,3.60956e-15,0,5,3.60956e-15,10,5]},"normal":{"type":"float32","components":3,"data":[-0.866025,0.5,0,-0.866025,0.5,0,-0.866025,0.5,0,-0.866025,0.5,0,-0.866025,0.5,0,-0.866025,0.5,0,-0.866025,0.5,0,-0.866025,0.5,0,-0.866025,0.5,0,-0.654654,0.377964,-0.654654,-0.654654,0.377964,-0.654654,-0.654654,0.377964,-0.654654,0.654654,0.377964,-0.654654,0.654654,0.377964,-0.654654,0.654654,0.377964,-0.654654,0.654654,0.377964,0.654654,0.654654,0.377964,0.654654,0.654654,0.377964,0.654654,0,0.5,-0.866025,0,0.5,-0.866025,0,0.5,-0.866025,0,0.5,-0.866025,0,0.5,-0.866025,0,0.5,-0.866025,0,0.5,-0.866025,0,0.5,-0.866025,0,0.5,-0.866025,0.866025,0.5,0,0.866025,0.5,0,0.866025,0.5,0,0.866025,0.5,0,0.866025,0.5,0,0.866025,0.5,0,0.866025,0.5,0,0.866025,0.5,0,0.866025,0.5,0,-0.654654,0.377964,0.654654,-0.654654,0.377964,0.654654,-0.654654,0.377964,0.654654,0,1,0,0,1,0,0,1,0,0,1,0,0,0.5,0.866025,0,0.5,0.866025,0,0.5,0.866025,0,0.5,0.866025,0,0.5,0.866025,0,0.5,0.866025,0,0.5,0.866025,0,0.5,0.866025,0,0.5,0.866025,0,0,1,0,0,1,0,0,1,0,0,1,-1,0,0,-1,0,0,-1,0,0,-1,0,0,0,-1,0,0,-1,0,0,-1,0,0,-1,0,0,0,-1,0,0,-1,0,0,-1,0,0,-1,1,0,0,1,0,0,1,0,0,1,0,0]},"texCoord0":{"type":"float32","components":2,"data":[-7.06643e-13,17.0471,3.28084,13.7783,1.00309e-12,24.253,6.56168,17.0471,19.685,24.253,9.84252,13.7783,13.1234,17.0471,16.4042,13.7783,19.685,17.0471,16.4671,24.4481,13.9194,31.1886,11.3718,24.4481,2.54765,29.7092,1.11539e-12,36.4496,-2.54765,29.7092,-13.9194,31.1886,-16.4671,24.4481,-11.3718,24.4481,16.4042,23.6208,19.685,26.8897,13.1234,26.8897,19.685,34.0955,6.56168,26.8897,1.62485e-12,26.8897,1.63425e-12,34.0955,3.28084,23.6208,9.84252,23.6208,-7.2568e-14,26.8897,-5.68434e-14,34.0955,-3.28084,23.6208,-6.56168,26.8897,-19.685,34.0955,-9.84252,23.6208,-13.1234,26.8897,-16.4042,23.6208,-19.685,26.8897,2.54765,19.1871,-4.61853e-14,25.9275,-2.54765,19.1871,-1.42108e-14,19.685,1.63425e-12,5.68434e-14,19.685,19.685,19.685,1.64846e-12,-3.28084,13.7783,-1.02554e-14,17.0471,-6.56168,17.0471,4.15789e-14,24.253,-13.1234,17.0471,-19.685,17.0471,-19.685,24.253,-16.4042,13.7783,-9.84252,13.7783,4.26326e-14,1.42108e-14,4.26326e-14,39.3701,-19.685,1.42108e-14,-19.685,39.3701,-7.67386e-13,4.12115e-13,19.685,4.12115e-13,8.2423e-13,39.3701,19.685,39.3701,1.42108e-14,19.685,-19.685,19.685,0,0,-19.685,5.68434e-14,19.685,-1.60656e-26,19.685,39.3701,0,0,1.63425e-12,39.3701,0,0,-5.68434e-14,39.3701,-19.685,1.69594e-26,-19.685,39.3701]}}],"meshes":[{"aabb":{"min":[-6.33028,0,-1.33028],"max":[1.33028,10,6.33028]},"vertices":0,"indices":[0,1,2,3,2,1,4,2,3,5,4,3,6,4,5,7,4,6,8,4,7,9,10,11,12,13,14,15,16,17,18,19,20,21,20,19,22,20,21,23,22,21,24,23,21,22,23,25,20,22,26,27,28,29,30,29,28,31,30,28,32,30,31,33,32,31,34,33,31,35,34,31,36,37,38,39,40,41,42,41,40,43,44,45,46,45,44,47,45,46,48,47,46,49,48,46,47,48,50,45,47,51],"type":"triangles","base":0,"count":102},{"aabb":{"min":[-6.33028,0,-1.33028],"max":[1.33028,10,6.33028]},"vertices":0,"indices":[52,53,54,55,54,53,56,57,58,59,58,57,60,61,62,63,62,61,64,65,66,67,66,65,68,69,70,71,70,69],"type":"triangles","base":0,"count":30}],"meshInstances":[{"node":1,"mesh":0},{"node":1,"mesh":1}]}}