{"model":{"version":3,"nodes":[{"name":"RootNode","position":[0,0,0],"rotation":[0,0,0],"scale":[1,1,1],"scaleCompensation":false},{"name":"mushrooms","position":[0,0,0],"rotation":[0,0,0],"scale":[1,1,1],"scaleCompensation":false}],"parents":[-1,0],"skins":[],"morphs":[],"vertices":[{"position":{"type":"float32","components":3,"data":[-3.96127,7.2199e-15,3.78886,-3.96127,7.2199e-15,4.55386,-3.8886,1.8,3.86153,-3.8886,1.8,4.48118,-3.19627,7.2199e-15,4.55386,-3.96127,7.2199e-15,4.55386,-3.19627,7.2199e-15,3.78886,-3.96127,7.2199e-15,3.78886,-5.51214,3.61034e-15,6.17233,-5.51214,3.61034e-15,6.93733,-5.43947,1,6.24501,-5.43947,1,6.86466,-5.51214,3.61034e-15,6.17233,-5.43947,1,6.24501,-4.74714,3.61034e-15,6.17233,-4.81982,1,6.24501,-4.74714,3.61034e-15,6.93733,-4.81982,1,6.86466,-5.51214,3.61034e-15,6.93733,-5.43947,1,6.86466,-4.74714,3.61034e-15,6.93733,-5.51214,3.61034e-15,6.93733,-4.74714,3.61034e-15,6.17233,-5.51214,3.61034e-15,6.17233,-4.74714,3.61034e-15,6.17233,-4.81982,1,6.24501,-4.74714,3.61034e-15,6.93733,-4.81982,1,6.86466,-6.03873,7.86644e-19,3.82767,-6.1114,0.6,3.755,-6.80373,7.86644e-19,3.82767,-6.73105,0.6,3.755,-3.19627,7.2199e-15,4.55386,-3.26894,1.8,4.48118,-3.96127,7.2199e-15,4.55386,-3.8886,1.8,4.48118,-3.19627,7.2199e-15,3.78886,-3.26894,1.8,3.86153,-3.19627,7.2199e-15,4.55386,-3.26894,1.8,4.48118,-6.03873,7.86644e-19,3.06267,-6.1114,0.6,3.13534,-6.03873,7.86644e-19,3.82767,-6.1114,0.6,3.755,-3.96127,7.2199e-15,3.78886,-3.8886,1.8,3.86153,-3.19627,7.2199e-15,3.78886,-3.26894,1.8,3.86153,-6.80373,7.86644e-19,3.06267,-6.80373,7.86644e-19,3.82767,-6.73105,0.6,3.13534,-6.73105,0.6,3.755,-6.03873,7.86644e-19,3.82767,-6.80373,7.86644e-19,3.82767,-6.03873,7.86644e-19,3.06267,-6.80373,7.86644e-19,3.06267,-6.80373,7.86644e-19,3.06267,-6.73105,0.6,3.13534,-6.03873,7.86644e-19,3.06267,-6.1114,0.6,3.13534,-5.82123,1,2.40594,-5.22123,1,3.44517,-5.85765,0.6,2.46902,-5.29407,0.6,3.44517,-5.85765,0.6,4.42132,-5.82123,1,4.4844,-6.98481,0.6,4.42132,-7.02123,1,4.4844,-2.45161,1.8,4.17136,-3.01519,1.8,5.14751,-3.01519,1.8,3.19521,-3.26894,1.8,4.48118,-4.14235,1.8,5.14751,-3.8886,1.8,4.48118,-3.8886,1.8,3.86153,-3.26894,1.8,3.86153,-4.14235,1.8,3.19521,-4.70593,1.8,4.17136,-6.98481,0.6,2.46902,-7.02123,1,2.40594,-5.85765,0.6,2.46902,-5.82123,1,2.40594,-5.22123,1,3.44517,-5.82123,1,4.4844,-5.29407,0.6,3.44517,-5.85765,0.6,4.42132,-7.02123,1,2.40594,-7.62123,1,3.44517,-6.81123,1.75,2.76967,-7.20123,1.75,3.44517,-5.72964,1.4,5.5156,-6.32964,1.4,6.55483,-5.51964,2.15,5.87933,-5.90964,2.15,6.55483,-5.69322,1,5.57868,-5.72964,1.4,5.5156,-4.56606,1,5.57868,-4.52964,1.4,5.5156,-4.34964,2.15,6.55483,-4.73964,2.15,5.87933,-4.73964,2.15,7.23033,-5.51964,2.15,5.87933,-5.51964,2.15,7.23033,-5.90964,2.15,6.55483,-5.64123,1.75,3.44517,-6.03123,1.75,4.12067,-5.22123,1,3.44517,-5.82123,1,4.4844,-4.77877,2.2,4.17136,-4.17877,2.2,5.21059,-4.35877,2.95,4.17136,-3.96877,2.95,4.84686,-2.97877,2.2,5.21059,-3.18877,2.95,4.84686,-4.17877,2.2,5.21059,-3.96877,2.95,4.84686,-4.14235,1.8,3.19521,-4.17877,2.2,3.13213,-3.01519,1.8,3.19521,-2.97877,2.2,3.13213,-2.97877,2.2,3.13213,-2.37877,2.2,4.17136,-3.01519,1.8,3.19521,-2.45161,1.8,4.17136,-4.17877,2.2,3.13213,-4.77877,2.2,4.17136,-3.96877,2.95,3.49586,-4.35877,2.95,4.17136,-2.79877,2.95,4.17136,-3.18877,2.95,4.84686,-2.37877,2.2,4.17136,-2.97877,2.2,5.21059,-4.17877,2.2,3.13213,-4.14235,1.8,3.19521,-4.77877,2.2,4.17136,-4.70593,1.8,4.17136,-4.52964,1.4,5.5156,-4.73964,2.15,5.87933,-3.92964,1.4,6.55483,-4.34964,2.15,6.55483,-4.52964,1.4,5.5156,-3.92964,1.4,6.55483,-4.56606,1,5.57868,-4.00248,1,6.55483,-4.56606,1,7.53098,-4.52964,1.4,7.59406,-5.69322,1,7.53098,-5.72964,1.4,7.59406,-6.32964,1.4,6.55483,-5.72964,1.4,7.59406,-5.90964,2.15,6.55483,-5.51964,2.15,7.23033,-4.52964,1.4,7.59406,-4.73964,2.15,7.23033,-5.72964,1.4,7.59406,-5.51964,2.15,7.23033,-5.72964,1.4,5.5156,-5.51964,2.15,5.87933,-4.52964,1.4,5.5156,-4.73964,2.15,5.87933,-4.34964,2.15,6.55483,-4.73964,2.15,7.23033,-3.92964,1.4,6.55483,-4.52964,1.4,7.59406,-2.79877,2.95,4.17136,-3.18877,2.95,3.49586,-3.18877,2.95,4.84686,-3.96877,2.95,3.49586,-3.96877,2.95,4.84686,-4.35877,2.95,4.17136,-5.72964,1.4,5.5156,-5.69322,1,5.57868,-6.32964,1.4,6.55483,-6.2568,1,6.55483,-4.00248,1,6.55483,-4.56606,1,7.53098,-4.56606,1,5.57868,-4.81982,1,6.86466,-5.69322,1,7.53098,-5.43947,1,6.86466,-5.43947,1,6.24501,-4.81982,1,6.24501,-5.69322,1,5.57868,-6.2568,1,6.55483,-3.01519,1.8,5.14751,-2.97877,2.2,5.21059,-4.14235,1.8,5.14751,-4.17877,2.2,5.21059,-7.02123,1,2.40594,-6.98481,0.6,2.46902,-7.62123,1,3.44517,-7.54839,0.6,3.44517,-6.2568,1,6.55483,-5.69322,1,7.53098,-6.32964,1.4,6.55483,-5.72964,1.4,7.59406,-3.92964,1.4,6.55483,-4.52964,1.4,7.59406,-4.00248,1,6.55483,-4.56606,1,7.53098,-5.29407,0.6,3.44517,-5.85765,0.6,4.42132,-5.85765,0.6,2.46902,-6.1114,0.6,3.755,-6.98481,0.6,4.42132,-6.73105,0.6,3.755,-6.73105,0.6,3.13534,-6.1114,0.6,3.13534,-6.98481,0.6,2.46902,-7.54839,0.6,3.44517,-4.70593,1.8,4.17136,-4.14235,1.8,5.14751,-4.77877,2.2,4.17136,-4.17877,2.2,5.21059,-5.64123,1.75,3.44517,-6.03123,1.75,2.76967,-6.03123,1.75,4.12067,-6.81123,1.75,2.76967,-6.81123,1.75,4.12067,-7.20123,1.75,3.44517,-5.82123,1,2.40594,-6.03123,1.75,2.76967,-5.22123,1,3.44517,-5.64123,1.75,3.44517,-4.17877,2.2,3.13213,-3.96877,2.95,3.49586,-2.97877,2.2,3.13213,-3.18877,2.95,3.49586,-5.82123,1,4.4844,-6.03123,1.75,4.12067,-7.02123,1,4.4844,-6.81123,1.75,4.12067,-2.37877,2.2,4.17136,-2.97877,2.2,5.21059,-2.45161,1.8,4.17136,-3.01519,1.8,5.14751,-2.97877,2.2,3.13213,-3.18877,2.95,3.49586,-2.37877,2.2,4.17136,-2.79877,2.95,4.17136,-7.62123,1,3.44517,-7.02123,1,4.4844,-7.20123,1.75,3.44517,-6.81123,1.75,4.12067,-7.54839,0.6,3.44517,-6.98481,0.6,4.42132,-7.62123,1,3.44517,-7.02123,1,4.4844,-7.02123,1,2.40594,-6.81123,1.75,2.76967,-5.82123,1,2.40594,-6.03123,1.75,2.76967]},"normal":{"type":"float32","components":3,