{"model":{"version":3,"nodes":[{"name":"RootNode","position":[0,0,0],"rotation":[0,0,0],"scale":[1,1,1],"scaleCompensation":false},{"name":"platform","position":[0,0,0],"rotation":[0,0,0],"scale":[1,1,1],"scaleCompensation":false}],"parents":[-1,0],"skins":[],"morphs":[],"vertices":[{"position":{"type":"float32","components":3,"data":[-0.7,0.7,5.80619,-1.4,0.7,5.80619,-0.7,0.7,5.94293,-1.4,0.7,5.95881,-8.6,0.7,3.90283,-9.3,0.7,3.89183,-8.6,0.7,4.19381,-9.3,0.7,4.19381,-0.7,0.7,-1.6936e-11,-0.7,0.7,0.5,-0.7,0,-1.6936e-11,-0.7,0,10,-0.7,0.7,2.11238,-0.7,0.7,2.41436,-0.7,0.7,4.02693,-0.7,0.7,4.19381,-0.7,0.7,5.80619,-0.7,0.7,5.94293,-0.7,0.7,7.55572,-0.7,0.7,7.88762,-0.7,0.7,9.5,-0.7,0.7,10,-8.6,0.7,5.80619,-9.3,0.7,5.80619,-8.6,0.7,6.1222,-9.3,0.7,6.13809,-0.7,0,10,-1.4,0,10,-0.7,0,-1.6936e-11,-1.4,0,-1.6936e-11,-8.6,0.7,0,-9.3,0.7,0,-8.6,0.7,0.5,-9.3,0.7,0.5,-0.7,0.7,4.02693,-1.4,0.7,4.01594,-0.7,0.7,4.19381,-1.4,0.7,4.19381,-0.7,0,10,-0.7,0.7,10,-1.4,0,10,-1.4,0.7,10,-8.6,0,10,-9.3,0,10,-8.6,0,0,-9.3,0,0,-0.7,0.7,-1.6936e-11,-1.4,0.7,-1.6936e-11,-0.7,0.7,0.5,-1.4,0.7,0.5,-0.7,0.7,7.55572,-1.4,0.7,7.57161,-0.7,0.7,7.88762,-1.4,0.7,7.88762,-1.4,0,-1.6936e-11,-1.4,0,10,-1.4,0.7,-1.6936e-11,-1.4,0.7,0.5,-1.4,0.7,2.11238,-1.4,0.7,2.40336,-1.4,0.7,4.01594,-1.4,0.7,4.19381,-1.4,0.7,5.80619,-1.4,0.7,5.95881,-1.4,0.7,7.57161,-1.4,0.7,7.88762,-1.4,0.7,9.5,-1.4,0.7,10,-8.6,0.7,2.11238,-9.3,0.7,2.11238,-8.6,0.7,2.29025,-9.3,0.7,2.27926,-0.7,0.7,9.5,-1.4,0.7,9.5,-0.7,0.7,10,-1.4,0.7,10,-8.6,0.7,0,-8.6,0.7,0.5,-8.6,0,0,-8.6,0,10,-8.6,0.7,2.11238,-8.6,0.7,2.29025,-8.6,0.7,3.90283,-8.6,0.7,4.19381,-8.6,0.7,5.80619,-8.6,0.7,6.1222,-8.6,0.7,7.735,-8.6,0.7,7.88762,-8.6,0.7,9.5,-8.6,0.7,10,-9.3,0,0,-9.3,0.7,0,-8.6,0,0,-8.6,0.7,0,-8.6,0.7,9.5,-9.3,0.7,9.5,-8.6,0.7,10,-9.3,0.7,10,-1.4,0,-1.6936e-11,-1.4,0.7,-1.6936e-11,-0.7,0,-1.6936e-11,-0.7,0.7,-1.6936e-11,-9.3,0,0,-9.3,0,10,-9.3,0.7,0,-9.3,0.7,0.5,-9.3,0.7,2.11238,-9.3,0.7,2.27926,-9.3,0.7,3.89183,-9.3,0.7,4.19381,-9.3,0.7,5.80619,-9.3,0.7,6.13809,-9.3,0.7,7.75088,-9.3,0.7,7.88762,-9.3,0.7,9.5,-9.3,0.7,10,-8.6,0,10,-8.6,0.7,10,-9.3,0,10,-9.3,0.7,10,-8.6,0.7,7.735,-9.3,0.7,7.75088,-8.6,0.7,7.88762,-9.3,0.7,7.88762,-0.7,0.7,2.11238,-1.4,0.7,2.11238,-0.7,0.7,2.41436,-1.4,0.7,2.40336,0.0170033,0.875,7.53945,-0.0195772,0.875,5.92749,-9.98042,0.875,7.76632,-10.017,0.875,6.15436,-2.16573e-13,1.05,0.5,-2.16573e-13,1.05,2.11238,-2.16573e-13,0.7,0.5,-2.16573e-13,0.7,2.11238,-10,0.7,0.5,-10,1.05,0.5,-9.3,0.7,0.5,-8.6,0.7,0.5,-1.4,0.7,0.5,-0.7,0.7,0.5,-2.16573e-13,1.05,0.5,-2.16573e-13,0.7,0.5,-1.4,0.7,2.11238,-8.6,0.7,2.11238,-1.4,0.7,0.5,-8.6,0.7,0.5,-2.16573e-13,0.7,9.5,-0.7,0.7,9.5,-2.16573e-13,0.7,7.88762,-0.7,0.7,7.88762,0.0120462,0.875,2.42554,-0.0132799,0.875,4.03772,0.0120462,0.7,2.42554,-0.0132799,0.7,4.03772,-2.16573e-13,1.05,7.88762,-10,1.05,7.88762,-2.16573e-13,1.05,9.5,-10,1.05,9.5,-1.4,0.7,7.57161,-8.6,0.7,7.735,-1.4,0.7,5.95881,-8.6,0.7,6.1222,-9.3,0.7,2.11238,-10,0.7,2.11238,-9.3,0.7,0.5,-10,0.7,0.5,0.0170033,0.7,7.53945,-0.7,0.7,7.55572,-0.0195772,0.7,5.92749,-0.7,0.7,5.94293,-1.4,0.7,5.80619,-8.6,0.7,5.80619,-1.4,0.7,4.19381,-8.6,0.7,4.19381,-2.16573e-13,1.05,4.19381,-10,1.05,4.19381,-2.16573e-13,1.05,5.80619,-10,1.05,5.80619,-10,0.7,7.88762,-10,0.7,9.5,-10,1.05,7.88762,-10,1.05,9.5,-1.4,0.7,9.5,-8.6,0.7,9.5,-1.4,0.7,7.88762,-8.6,0.7,7.88762,-2.16573e-13,0.7,5.80619,-0.7,0.7,5.80619,-2.16573e-13,0.7,4.19381,-0.7,0.7,4.19381,-10.017,0.7,6.15436,-9.98042,0.7,7.76632,-10.017,0.875,6.15436,-9.98042,0.875,7.76632,0.0120462,0.7,2.42554,-0.0132799,0.7,4.03772,-0.7,0.7,2.41436,-0.7,0.7,4.02693,-0.0195772,0.875,5.92749,0.0170033,0.875,7.53945,-0.0195772,0.7,5.92749,0.0170033,0.7,7.53945,-9.3,0.7,5.80619,-10,0.7,5.80619,-9.3,0.7,4.19381,-10,0.7,4.19381,-2.16573e-13,0.7,9.5,-2.16573e-13,1.05,9.5,-0.7,0.7,9.5,-1.4,0.7,9.5,-8.6,0.7,9.5,-9.3,0.7,9.5,-10,1.05,9.5,-10,0.7,9.5,-2.16573e-13,0.7,5.80619,-2.16573e-13,1.05,5.80619,-0.7,0.7,5.80619,-1.4,0.7,5.80619,-8.6,0.7,5.80619,-9.3,0.7,5.80619,-10,0.7,5.80619,-10,1.05,5.80619,-2.16573e-13,0.7,2.11238,-0.7,0.7,2.11238,-2.16573e-13,0.7,0.5,-0.7,0.7,0.5,0.0120462,0.875,2.42554,-9.98672,0.875,2.26847,-0.0132799,0.875,4.03772,-10.012,0.875,3.88065,-10,0.7,7.88762,-10,1.05,7.88762,-9.3,0.7,7.88762,-8.6,0.7,7.88762,-1.4,0.7,7.88762,-0.7,0.7,7.88762,-2.16573e-13,1.05,7.88762,-2.16573e-13,0.7,7.88762,-10,0.7,0.5,-10,0.7,2.11238,-10,1.05,0.5,-10,1.05,2.11238,-2.16573e-13,1.05,4.19381,-2.16573e-13,1.05,5.80619,-2.16573e-13,0.7,4.19381,-2.16573e-13,0.7,5.80619,-2.16573e-13,1.05,0.5,-10,1.05,0.5,-2.16573e-13,1.05,2.11238,-10,1.05,2.11238,-10.017,0.7,6.15436,-10.017,0.875,6.15436,-9.3,0.7,6.13809,-8.6,0.7,6.1222,-1.4,0.7,5.95881,-0.7,0.7,5.94293,-0.0195772,0.875,5.92749,-0.0195772,0.7,5.92749,-2.16573e-13,0.7,2.11238,-2.16573e-13,1.05,2.11238,-0.7,0.7,2.11238,-1.4,0.7,2.11238,-10,1.05,2.11238,-10,0.7,2.11238,-9.3,0.7,2.11238,-8.6,0.7,2.11238,-10,0.7,4.19381,-10,1.05,4.19381,-9.3,0.7,4.19381,-8.6,0.7,4.19381,-1.4,0.7,4.19381,-0.7,0.7,4.19381,-2.16573e-13,0.7,4.19381,-2.16573e-13,1.05,4.19381,-9.3,0.7,3.89183,-10.012,0.7,3.88065,-9.3,0.7,2.27926,-9.98672,0.7,2.26847,-9.98672,0.7,2.26847,-9.98672,0.875,2.26847,-9.3,0.7,2.27926,-8.6,0.7,2.29025,-1.4,0.7,2.40336,-0.7,0.7,2.41436,0.0120462,0.875,2.42554,0.0120462,0.7,2.42554,0.0170033,0.7,7.53945,0.0170033,0.875,7.53945,-0.7,0.7,7.55572,-1.4,0.7,7.57161,-8.6,0.7,7.735,-9.3,0.7,7.75088,-9.98042,0.875,7.76632,-9.98042,0.7,7.76632,-9.3,0.7,7.75088,-9.98042,0.7,7.76632,-9.3,0.7,6.13809,-10.017,0.7,6.15436,-0.0132799,0.7,4.03772,-0.0132799,0.875,4.03772,-0.7,0.7,4.02693,-1.4,0.7,4.01594,-8.6,0.7,3.90283,-9.3,0.7,3.89183,-10.012,0.875,3.88065,-10.012,0.7,3.88065,-9.98672,0.7,2.26847,-10.012,0.7,3.88065,-9.98672,0.875,2.26847,-10.012,0.875,3.88065,-1.4,0.7,4.01594,-8.6,0.7,3.90283,-1.4,0.7,2.40336,-8.6,0.7,2.29025,-10,0.7,4.19381,-10,0.7,5.80619,-10,1.05,4.19381,-10,1.05,5.80619,-2.16573e-13,1.05,7.88762,-2.16573e-13,1.05,9.5,-2.16573e-13,0.7,7.88762,-2.16573e-13,0.7,9.5,-9.3,0.7,9.5,-10,0.7,9.5,-9.3,0.7,7.88762,-10,0.7,7.88762]},"normal":{"type":"float32","components":3,